[
    {
        "model": "news.category",
        "pk": 1,
        "fields": {
            "name": "Технологии"
        }
    },
    {
        "model": "news.category",
        "pk": 2,
        "fields": {
            "name": "Наука"
        }
    },
    {
        "model": "news.category",
        "pk": 3,
        "fields": {
            "name": "Спорт"
        }
    },
    {
        "model": "news.category",
        "pk": 4,
        "fields": {
            "name": "Культура"
        }
    },
    {
        "model": "news.category",
        "pk": 5,
        "fields": {
            "name": "Политика"
        }
    },
    {
        "model": "news.category",
        "pk": 6,
        "fields": {
            "name": "Здоровье"
        }
    },
    {
        "model": "news.category",
        "pk": 7,
        "fields": {
            "name": "Образование"
        }
    },
    {
        "model": "news.tag",
        "pk": 1,
        "fields": {
            "name": "Технологии"
        }
    },
    {
        "model": "news.tag",
        "pk": 2,
        "fields": {
            "name": "Инновации"
        }
    },
    {
        "model": "news.tag",
        "pk": 3,
        "fields": {
            "name": "Наука"
        }
    },
    {
        "model": "news.tag",
        "pk": 4,
        "fields": {
            "name": "Исследования"
        }
    },
    {
        "model": "news.tag",
        "pk": 5,
        "fields": {
            "name": "Спорт"
        }
    },
    {
        "model": "news.tag",
        "pk": 6,
        "fields": {
            "name": "Футбол"
        }
    },
    {
        "model": "news.tag",
        "pk": 7,
        "fields": {
            "name": "Культура"
        }
    },
    {
        "model": "news.tag",
        "pk": 8,
        "fields": {
            "name": "Искусство"
        }
    },
    {
        "model": "news.tag",
        "pk": 9,
        "fields": {
            "name": "Политика"
        }
    },
    {
        "model": "news.tag",
        "pk": 10,
        "fields": {
            "name": "Экономика"
        }
    },
    {
        "model": "news.tag",
        "pk": 11,
        "fields": {
            "name": "Здоровье"
        }
    },
    {
        "model": "news.tag",
        "pk": 12,
        "fields": {
            "name": "Медицина"
        }
    },
    {
        "model": "news.tag",
        "pk": 13,
        "fields": {
            "name": "Образование"
        }
    },
    {
        "model": "news.tag",
        "pk": 14,
        "fields": {
            "name": "Общество"
        }
    },
    {
        "model": "news.tag",
        "pk": 15,
        "fields": {
            "name": "Экология"
        }
    },
    {
        "model": "news.tag",
        "pk": 16,
        "fields": {
            "name": "Транспорт"
        }
    },
    {
        "model": "news.tag",
        "pk": 17,
        "fields": {
            "name": "Туризм"
        }
    },
    {
        "model": "news.tag",
        "pk": 18,
        "fields": {
            "name": "Мода"
        }
    },
    {
        "model": "news.tag",
        "pk": 19,
        "fields": {
            "name": "Еда"
        }
    },
    {
        "model": "news.tag",
        "pk": 20,
        "fields": {
            "name": "Музыка"
        }
    },
    {
        "model": "news.article",
        "pk": 1,
        "fields": {
            "title": "Кошки научились говорить",
            "content": "Вчера в городе N кошки начали разговаривать на человеческом языке. Ученые в шоке.",
            "publication_date": "2023-10-01T12:00:00Z",
            "views": 0,
            "category": 1,
            "tags": [1, 2]
        }
    },
    {
        "model": "news.article",
        "pk": 2,
        "fields": {
            "title": "Летающие собаки замечены над городом",
            "content": "Жители города M сообщают о летающих собаках. Власти обещают разобраться.",
            "publication_date": "2023-10-02T12:00:00Z",
            "views": 0,
            "category": 2,
            "tags": [3, 4]
        }
    },
    {
        "model": "news.article",
        "pk": 3,
        "fields": {
            "title": "Деревья начали ходить",
            "content": "В лесу X деревья начали передвигаться. Экологи в панике.",
            "publication_date": "2023-10-03T12:00:00Z",
            "views": 0,
            "category": 3,
            "tags": [5, 6]
        }
    },
    {
        "model": "news.article",
        "pk": 4,
        "fields": {
            "title": "Рыбы поют оперу",
            "content": "В аквариуме Y рыбы начали петь оперные арии. Зрители в восторге.",
            "publication_date": "2023-10-04T12:00:00Z",
            "views": 0,
            "category": 4,
            "tags": [7, 8]
        }
    },
    {
        "model": "news.article",
        "pk": 5,
        "fields": {
            "title": "Птицы строят небоскребы",
            "content": "В городе Z птицы начали строить небоскребы. Архитекторы в недоумении.",
            "publication_date": "2023-10-05T12:00:00Z",
            "views": 0,
            "category": 5,
            "tags": [9, 10]
        }
    },
    {
        "model": "news.article",
        "pk": 6,
        "fields": {
            "title": "Медведи открыли ресторан",
            "content": "В лесу W медведи открыли ресторан. Посетители довольны.",
            "publication_date": "2023-10-06T12:00:00Z",
            "views": 0,
            "category": 6,
            "tags": [11, 12]
        }
    },
    {
        "model": "news.article",
        "pk": 7,
        "fields": {
            "title": "Кролики играют в футбол",
            "content": "В парке V кролики начали играть в футбол. Болельщики в восторге.",
            "publication_date": "2023-10-07T12:00:00Z",
            "views": 0,
            "category": 7,
            "tags": [13, 14]
        }
    },
    {
        "model": "news.article",
        "pk": 8,
        "fields": {
            "title": "Лягушки учатся в университете",
            "content": "В университете U лягушки начали посещать лекции. Студенты в шоке.",
            "publication_date": "2023-10-08T12:00:00Z",
            "views": 0,
            "category": 1,
            "tags": [1, 2, 3]
        }
    },
    {
        "model": "news.article",
        "pk": 9,
        "fields": {
            "title": "Мыши открыли банк",
            "content": "В городе T мыши открыли банк. Клиенты довольны.",
            "publication_date": "2023-10-09T12:00:00Z",
            "views": 0,
            "category": 2,
            "tags": [4, 5, 6]
        }
    },
    {
        "model": "news.article",
        "pk": 10,
        "fields": {
            "title": "Пчелы строят космические корабли",
            "content": "В лесу S пчелы начали строить космические корабли. Ученые в недоумении.",
            "publication_date": "2023-10-10T12:00:00Z",
            "views": 0,
            "category": 3,
            "tags": [7, 8, 9]
        }
    },
    {
        "model": "news.article",
        "pk": 11,
        "fields": {
            "title": "Слоны играют в шахматы",
            "content": "В зоопарке R слоны начали играть в шахматы. Посетители в восторге.",
            "publication_date": "2023-10-11T12:00:00Z",
            "views": 0,
            "category": 4,
            "tags": [10, 11, 12]
        }
    },
    {
        "model": "news.article",
        "pk": 12,
        "fields": {
            "title": "Куры открыли театр",
            "content": "В деревне Q куры открыли театр. Зрители довольны.",
            "publication_date": "2023-10-12T12:00:00Z",
            "views": 0,
            "category": 5,
            "tags": [13, 14, 15]
        }
    },
    {
        "model": "news.article",
        "pk": 13,
        "fields": {
            "title": "Лисы открыли школу",
            "content": "В лесу P лисы открыли школу. Ученики довольны.",
            "publication_date": "2023-10-13T12:00:00Z",
            "views": 0,
            "category": 6,
            "tags": [1, 2, 3, 4]
        }
    },
    {
        "model": "news.article",
        "pk": 14,
        "fields": {
            "title": "Белки открыли магазин",
            "content": "В парке O белки открыли магазин. Покупатели довольны.",
            "publication_date": "2023-10-14T12:00:00Z",
            "views": 0,
            "category": 7,
            "tags": [5, 6, 7, 8]
        }
    },
    {
        "model": "news.article",
        "pk": 15,
        "fields": {
            "title": "Зайцы открыли библиотеку",
            "content": "В лесу N зайцы открыли библиотеку. Читатели довольны.",
            "publication_date": "2023-10-15T12:00:00Z",
            "views": 0,
            "category": 1,
            "tags": [9, 10, 11, 12]
        }
    },
    {
        "model": "news.article",
        "pk": 16,
        "fields": {
            "title": "Ежики открыли музей",
            "content": "В городе M ежики открыли музей. Посетители довольны.",
            "publication_date": "2023-10-16T12:00:00Z",
            "views": 0,
            "category": 2,
            "tags": [13, 14, 15, 16]
        }
    },
    {
        "model": "news.article",
        "pk": 17,
        "fields": {
            "title": "Кроты открыли ресторан",
            "content": "В лесу L кроты открыли ресторан. Посетители довольны.",
            "publication_date": "2023-10-17T12:00:00Z",
            "views": 0,
            "category": 3,
            "tags": [17, 18, 19, 20]
        }
    },
    {
        "model": "news.article",
        "pk": 18,
        "fields": {
            "title": "Летучие мыши открыли кинотеатр",
            "content": "В городе K летучие мыши открыли кинотеатр. Зрители довольны.",
            "publication_date": "2023-10-18T12:00:00Z",
            "views": 0,
            "category": 4,
            "tags": [1, 2, 3, 4]
        }
    },
    {
        "model": "news.article",
        "pk": 19,
        "fields": {
            "title": "Пауки открыли спортзал",
            "content": "В лесу J пауки открыли спортзал. Посетители довольны.",
            "publication_date": "2023-10-19T12:00:00Z",
            "views": 0,
            "category": 5,
            "tags": [5, 6, 7, 8]
        }
    },
    {
        "model": "news.article",
        "pk": 20,
        "fields": {
            "title": "Жабы открыли кафе",
            "content": "В городе I жабы открыли кафе. Посетители довольны.",
            "publication_date": "2023-10-20T12:00:00Z",
            "views": 0,
            "category": 6,
            "tags": [9, 10, 11, 12]
        }
    },
    {
        "model": "news.article",
        "pk": 21,
        "fields": {
            "title": "Утки открыли салон красоты",
            "content": "В парке H утки открыли салон красоты. Клиенты довольны.",
            "publication_date": "2023-10-21T12:00:00Z",
            "views": 0,
            "category": 7,
            "tags": [13, 14, 15, 16]
        }
    },
    {
        "model": "news.article",
        "pk": 22,
        "fields": {
            "title": "Гуси открыли фитнес-центр",
            "content": "В городе G гуси открыли фитнес-центр. Посетители довольны.",
            "publication_date": "2023-10-22T12:00:00Z",
            "views": 0,
            "category": 1,
            "tags": [17, 18, 19, 20]
        }
    },
    {
        "model": "news.article",
        "pk": 23,
        "fields": {
            "title": "Лебеди открыли спа-салон",
            "content": "В озере F лебеди открыли спа-салон. Клиенты довольны.",
            "publication_date": "2023-10-23T12:00:00Z",
            "views": 0,
            "category": 2,
            "tags": [1, 2, 3, 4]
        }
    },
    {
        "model": "news.article",
        "pk": 24,
        "fields": {
            "title": "Фламинго открыли танцевальную студию",
            "content": "В парке E фламинго открыли танцевальную студию. Посетители довольны.",
            "publication_date": "2023-10-24T12:00:00Z",
            "views": 0,
            "category": 3,
            "tags": [5, 6, 7, 8]
        }
    },
    {
        "model": "news.article",
        "pk": 25,
        "fields": {
            "title": "Пеликаны открыли йога-студию",
            "content": "В городе D пеликаны открыли йога-студию. Посетители довольны.",
            "publication_date": "2023-10-25T12:00:00Z",
            "views": 0,
            "category": 4,
            "tags": [9, 10, 11, 12]
        }
    },
    {
        "model": "news.article",
        "pk": 26,
        "fields": {
            "title": "Аисты открыли детский сад",
            "content": "В деревне C аисты открыли детский сад. Родители довольны.",
            "publication_date": "2023-10-26T12:00:00Z",
            "views": 0,
            "category": 5,
            "tags": [13, 14, 15, 16]
        }
    },
    {
        "model": "news.article",
        "pk": 27,
        "fields": {
            "title": "Цапли открыли школу искусств",
            "content": "В городе B цапли открыли школу искусств. Ученики довольны.",
            "publication_date": "2023-10-27T12:00:00Z",
            "views": 0,
            "category": 6,
            "tags": [17, 18, 19, 20]
        }
    },
    {
        "model": "news.article",
        "pk": 28,
        "fields": {
            "title": "Ибисы открыли музыкальную школу",
            "content": "В парке A ибисы открыли музыкальную школу. Ученики довольны.",
            "publication_date": "2023-10-28T12:00:00Z",
            "views": 0,
            "category": 7,
            "tags": [1, 2, 3, 4]
        }
    },
    {
        "model": "news.article",
        "pk": 29,
        "fields": {
            "title": "Куропатки открыли кулинарную школу",
            "content": "В лесу Z куропатки открыли кулинарную школу. Ученики довольны.",
            "publication_date": "2023-10-29T12:00:00Z",
            "views": 0,
            "category": 1,
            "tags": [5, 6, 7, 8]
        }
    },
    {
        "model": "news.article",
        "pk": 30,
        "fields": {
            "title": "Фазаны открыли школу танцев",
            "content": "В городе Y фазаны открыли школу танцев. Ученики довольны.",
            "publication_date": "2023-10-30T12:00:00Z",
            "views": 0,
            "category": 2,
            "tags": [9, 10, 11, 12]
        }
    },
    {
        "model": "news.article",
        "pk": 31,
        "fields": {
            "title": "Кошки научились говорить",
            "content": "Вчера в городе N кошки начали разговаривать на человеческом языке. Ученые в шоке.",
            "publication_date": "2023-10-31T12:00:00Z",
            "views": 0,
            "category": 3,
            "tags": [13, 14, 15, 16]
        }
    },
    {
        "model": "news.article",
        "pk": 32,
        "fields": {
            "title": "Летающие собаки замечены над городом",
            "content": "Жители города M сообщают о летающих собаках. Власти обещают разобраться.",
            "publication_date": "2023-11-01T12:00:00Z",
            "views": 0,
            "category": 4,
            "tags": [17, 18, 19, 20]
        }
    },
    {
        "model": "news.article",
        "pk": 33,
        "fields": {
            "title": "Деревья начали ходить",
            "content": "В лесу X деревья начали передвигаться. Экологи в панике.",
            "publication_date": "2023-11-02T12:00:00Z",
            "views": 0,
            "category": 5,
            "tags": [1, 2, 3, 4]
        }
    },
    {
        "model": "news.article",
        "pk": 34,
        "fields": {
            "title": "Рыбы поют оперу",
            "content": "В аквариуме Y рыбы начали петь оперные арии. Зрители в восторге.",
            "publication_date": "2023-11-03T12:00:00Z",
            "views": 0,
            "category": 6,
            "tags": [5, 6, 7, 8]
        }
    },
    {
        "model": "news.article",
        "pk": 35,
        "fields": {
            "title": "Птицы строят небоскребы",
            "content": "В городе Z птицы начали строить небоскребы. Архитекторы в недоумении.",
            "publication_date": "2023-11-04T12:00:00Z",
            "views": 0,
            "category": 7,
            "tags": [9, 10, 11, 12]
        }
    },
    {
        "model": "news.article",
        "pk": 36,
        "fields": {
            "title": "Медведи открыли ресторан",
            "content": "В лесу W медведи открыли ресторан. Посетители довольны.",
            "publication_date": "2023-11-05T12:00:00Z",
            "views": 0,
            "category": 1,
            "tags": [13, 14, 15, 16]
        }
    },
    {
        "model": "news.article",
        "pk": 37,
        "fields": {
            "title": "Кролики играют в футбол",
            "content": "В парке V кролики начали играть в футбол. Болельщики в восторге.",
            "publication_date": "2023-11-06T12:00:00Z",
            "views": 0,
            "category": 2,
            "tags": [17, 18, 19, 20]
        }
    },
    {
        "model": "news.article",
        "pk": 38,
        "fields": {
            "title": "Лягушки учатся в университете",
            "content": "В университете U лягушки начали посещать лекции. Студенты в шоке.",
            "publication_date": "2023-11-07T12:00:00Z",
            "views": 0,
            "category": 3,
            "tags": [1, 2, 3, 4]
        }
    },
    {
        "model": "news.article",
        "pk": 39,
        "fields": {
            "title": "Мыши открыли банк",
            "content": "В городе T мыши открыли банк. Клиенты довольны.",
            "publication_date": "2023-11-08T12:00:00Z",
            "views": 0,
            "category": 4,
            "tags": [5, 6, 7, 8]
        }
    },
    {
        "model": "news.article",
        "pk": 40,
        "fields": {
            "title": "Пчелы строят космические корабли",
            "content": "В лесу S пчелы начали строить космические корабли. Ученые в недоумении.",
            "publication_date": "2023-11-09T12:00:00Z",
            "views": 0,
            "category": 5,
            "tags": [9, 10, 11, 12]
        }
    },
    {
        "model": "news.article",
        "pk": 41,
        "fields": {
            "title": "Слоны играют в шахматы",
            "content": "В зоопарке R слоны начали играть в шахматы. Посетители в восторге.",
            "publication_date": "2023-11-10T12:00:00Z",
            "views": 0,
            "category": 6,
            "tags": [13, 14, 15, 16]
        }
    },
    {
        "model": "news.article",
        "pk": 42,
        "fields": {
            "title": "Куры открыли театр",
            "content": "В деревне Q куры открыли театр. Зрители довольны.",
            "publication_date": "2023-11-11T12:00:00Z",
            "views": 0,
            "category": 7,
            "tags": [17, 18, 19, 20]
        }
    },
    {
        "model": "news.article",
        "pk": 43,
        "fields": {
            "title": "Лисы открыли школу",
            "content": "В лесу P лисы открыли школу. Ученики довольны.",
            "publication_date": "2023-11-12T12:00:00Z",
            "views": 0,
            "category": 1,
            "tags": [1, 2, 3, 4]
        }
    },
    {
        "model": "news.article",
        "pk": 44,
        "fields": {
            "title": "Белки открыли магазин",
            "content": "В парке O белки открыли магазин. Покупатели довольны.",
            "publication_date": "2023-11-13T12:00:00Z",
            "views": 0,
            "category": 2,
            "tags": [5, 6, 7, 8]
        }
    },
    {
        "model": "news.article",
        "pk": 45,
        "fields": {
            "title": "Зайцы открыли библиотеку",
            "content": "В лесу N зайцы открыли библиотеку. Читатели довольны.",
            "publication_date": "2023-11-14T12:00:00Z",
            "views": 0,
            "category": 3,
            "tags": [9, 10, 11, 12]
        }
    },
    {
        "model": "news.article",
        "pk": 46,
        "fields": {
            "title": "Ежики открыли музей",
            "content": "В городе M ежики открыли музей. Посетители довольны.",
            "publication_date": "2023-11-15T12:00:00Z",
            "views": 0,
            "category": 4,
            "tags": [13, 14, 15, 16]
        }
    },
    {
        "model": "news.article",
        "pk": 47,
        "fields": {
            "title": "Кроты открыли ресторан",
            "content": "В лесу L кроты открыли ресторан. Посетители довольны.",
            "publication_date": "2023-11-16T12:00:00Z",
            "views": 0,
            "category": 5,
            "tags": [17, 18, 19, 20]
        }
    },
    {
        "model": "news.article",
        "pk": 48,
        "fields": {
            "title": "Летучие мыши открыли кинотеатр",
            "content": "В городе K летучие мыши открыли кинотеатр. Зрители довольны.",
            "publication_date": "2023-11-17T12:00:00Z",
            "views": 0,
            "category": 6,
            "tags": [1, 2, 3, 4]
        }
    },
    {
        "model": "news.article",
        "pk": 49,
        "fields": {
            "title": "Пауки открыли спортзал",
            "content": "В лесу J пауки открыли спортзал. Посетители довольны.",
            "publication_date": "2023-11-18T12:00:00Z",
            "views": 0,
            "category": 7,
            "tags": [5, 6, 7, 8]
        }
    },
    {
        "model": "news.article",
        "pk": 50,
        "fields": {
            "title": "Жабы открыли кафе",
            "content": "В городе I жабы открыли кафе. Посетители довольны.",
            "publication_date": "2023-11-19T12:00:00Z",
            "views": 0,
            "category": 1,
            "tags": [9, 10, 11, 12]
        }
    }
]
