[
{
    "model": "auth.permission",
    "pk": 1,
    "fields": {
        "name": "Can add log entry",
        "content_type": 1,
        "codename": "add_logentry"
    }
},
{
    "model": "auth.permission",
    "pk": 2,
    "fields": {
        "name": "Can change log entry",
        "content_type": 1,
        "codename": "change_logentry"
    }
},
{
    "model": "auth.permission",
    "pk": 3,
    "fields": {
        "name": "Can delete log entry",
        "content_type": 1,
        "codename": "delete_logentry"
    }
},
{
    "model": "auth.permission",
    "pk": 4,
    "fields": {
        "name": "Can view log entry",
        "content_type": 1,
        "codename": "view_logentry"
    }
},
{
    "model": "auth.permission",
    "pk": 5,
    "fields": {
        "name": "Can add permission",
        "content_type": 2,
        "codename": "add_permission"
    }
},
{
    "model": "auth.permission",
    "pk": 6,
    "fields": {
        "name": "Can change permission",
        "content_type": 2,
        "codename": "change_permission"
    }
},
{
    "model": "auth.permission",
    "pk": 7,
    "fields": {
        "name": "Can delete permission",
        "content_type": 2,
        "codename": "delete_permission"
    }
},
{
    "model": "auth.permission",
    "pk": 8,
    "fields": {
        "name": "Can view permission",
        "content_type": 2,
        "codename": "view_permission"
    }
},
{
    "model": "auth.permission",
    "pk": 9,
    "fields": {
        "name": "Can add group",
        "content_type": 3,
        "codename": "add_group"
    }
},
{
    "model": "auth.permission",
    "pk": 10,
    "fields": {
        "name": "Can change group",
        "content_type": 3,
        "codename": "change_group"
    }
},
{
    "model": "auth.permission",
    "pk": 11,
    "fields": {
        "name": "Can delete group",
        "content_type": 3,
        "codename": "delete_group"
    }
},
{
    "model": "auth.permission",
    "pk": 12,
    "fields": {
        "name": "Can view group",
        "content_type": 3,
        "codename": "view_group"
    }
},
{
    "model": "auth.permission",
    "pk": 13,
    "fields": {
        "name": "Can add user",
        "content_type": 4,
        "codename": "add_user"
    }
},
{
    "model": "auth.permission",
    "pk": 14,
    "fields": {
        "name": "Can change user",
        "content_type": 4,
        "codename": "change_user"
    }
},
{
    "model": "auth.permission",
    "pk": 15,
    "fields": {
        "name": "Can delete user",
        "content_type": 4,
        "codename": "delete_user"
    }
},
{
    "model": "auth.permission",
    "pk": 16,
    "fields": {
        "name": "Can view user",
        "content_type": 4,
        "codename": "view_user"
    }
},
{
    "model": "auth.permission",
    "pk": 17,
    "fields": {
        "name": "Can add content type",
        "content_type": 5,
        "codename": "add_contenttype"
    }
},
{
    "model": "auth.permission",
    "pk": 18,
    "fields": {
        "name": "Can change content type",
        "content_type": 5,
        "codename": "change_contenttype"
    }
},
{
    "model": "auth.permission",
    "pk": 19,
    "fields": {
        "name": "Can delete content type",
        "content_type": 5,
        "codename": "delete_contenttype"
    }
},
{
    "model": "auth.permission",
    "pk": 20,
    "fields": {
        "name": "Can view content type",
        "content_type": 5,
        "codename": "view_contenttype"
    }
},
{
    "model": "auth.permission",
    "pk": 21,
    "fields": {
        "name": "Can add session",
        "content_type": 6,
        "codename": "add_session"
    }
},
{
    "model": "auth.permission",
    "pk": 22,
    "fields": {
        "name": "Can change session",
        "content_type": 6,
        "codename": "change_session"
    }
},
{
    "model": "auth.permission",
    "pk": 23,
    "fields": {
        "name": "Can delete session",
        "content_type": 6,
        "codename": "delete_session"
    }
},
{
    "model": "auth.permission",
    "pk": 24,
    "fields": {
        "name": "Can view session",
        "content_type": 6,
        "codename": "view_session"
    }
},
{
    "model": "auth.permission",
    "pk": 25,
    "fields": {
        "name": "Can add category",
        "content_type": 7,
        "codename": "add_category"
    }
},
{
    "model": "auth.permission",
    "pk": 26,
    "fields": {
        "name": "Can change category",
        "content_type": 7,
        "codename": "change_category"
    }
},
{
    "model": "auth.permission",
    "pk": 27,
    "fields": {
        "name": "Can delete category",
        "content_type": 7,
        "codename": "delete_category"
    }
},
{
    "model": "auth.permission",
    "pk": 28,
    "fields": {
        "name": "Can view category",
        "content_type": 7,
        "codename": "view_category"
    }
},
{
    "model": "auth.permission",
    "pk": 29,
    "fields": {
        "name": "Can add tag",
        "content_type": 8,
        "codename": "add_tag"
    }
},
{
    "model": "auth.permission",
    "pk": 30,
    "fields": {
        "name": "Can change tag",
        "content_type": 8,
        "codename": "change_tag"
    }
},
{
    "model": "auth.permission",
    "pk": 31,
    "fields": {
        "name": "Can delete tag",
        "content_type": 8,
        "codename": "delete_tag"
    }
},
{
    "model": "auth.permission",
    "pk": 32,
    "fields": {
        "name": "Can view tag",
        "content_type": 8,
        "codename": "view_tag"
    }
},
{
    "model": "auth.permission",
    "pk": 33,
    "fields": {
        "name": "Can add article",
        "content_type": 9,
        "codename": "add_article"
    }
},
{
    "model": "auth.permission",
    "pk": 34,
    "fields": {
        "name": "Can change article",
        "content_type": 9,
        "codename": "change_article"
    }
},
{
    "model": "auth.permission",
    "pk": 35,
    "fields": {
        "name": "Can delete article",
        "content_type": 9,
        "codename": "delete_article"
    }
},
{
    "model": "auth.permission",
    "pk": 36,
    "fields": {
        "name": "Can view article",
        "content_type": 9,
        "codename": "view_article"
    }
},
{
    "model": "contenttypes.contenttype",
    "pk": 1,
    "fields": {
        "app_label": "admin",
        "model": "logentry"
    }
},
{
    "model": "contenttypes.contenttype",
    "pk": 2,
    "fields": {
        "app_label": "auth",
        "model": "permission"
    }
},
{
    "model": "contenttypes.contenttype",
    "pk": 3,
    "fields": {
        "app_label": "auth",
        "model": "group"
    }
},
{
    "model": "contenttypes.contenttype",
    "pk": 4,
    "fields": {
        "app_label": "auth",
        "model": "user"
    }
},
{
    "model": "contenttypes.contenttype",
    "pk": 5,
    "fields": {
        "app_label": "contenttypes",
        "model": "contenttype"
    }
},
{
    "model": "contenttypes.contenttype",
    "pk": 6,
    "fields": {
        "app_label": "sessions",
        "model": "session"
    }
},
{
    "model": "contenttypes.contenttype",
    "pk": 7,
    "fields": {
        "app_label": "news",
        "model": "category"
    }
},
{
    "model": "contenttypes.contenttype",
    "pk": 8,
    "fields": {
        "app_label": "news",
        "model": "tag"
    }
},
{
    "model": "contenttypes.contenttype",
    "pk": 9,
    "fields": {
        "app_label": "news",
        "model": "article"
    }
},
{
    "model": "news.category",
    "pk": 1,
    "fields": {
        "name": "╨в╨╡╤Е╨╜╨╛╨╗╨╛╨│╨╕╨╕"
    }
},
{
    "model": "news.category",
    "pk": 2,
    "fields": {
        "name": "╨Э╨░╤Г╨║╨░"
    }
},
{
    "model": "news.category",
    "pk": 3,
    "fields": {
        "name": "╨б╨┐╨╛╤А╤В"
    }
},
{
    "model": "news.category",
    "pk": 4,
    "fields": {
        "name": "╨Ъ╤Г╨╗╤М╤В╤Г╤А╨░"
    }
},
{
    "model": "news.category",
    "pk": 5,
    "fields": {
        "name": "╨Я╨╛╨╗╨╕╤В╨╕╨║╨░"
    }
},
{
    "model": "news.category",
    "pk": 6,
    "fields": {
        "name": "╨Ч╨┤╨╛╤А╨╛╨▓╤М╨╡"
    }
},
{
    "model": "news.category",
    "pk": 7,
    "fields": {
        "name": "╨Ю╨▒╤А╨░╨╖╨╛╨▓╨░╨╜╨╕╨╡"
    }
},
{
    "model": "news.tag",
    "pk": 1,
    "fields": {
        "name": "╨в╨╡╤Е╨╜╨╛╨╗╨╛╨│╨╕╨╕"
    }
},
{
    "model": "news.tag",
    "pk": 2,
    "fields": {
        "name": "╨Ш╨╜╨╜╨╛╨▓╨░╤Ж╨╕╨╕"
    }
},
{
    "model": "news.tag",
    "pk": 3,
    "fields": {
        "name": "╨Э╨░╤Г╨║╨░"
    }
},
{
    "model": "news.tag",
    "pk": 4,
    "fields": {
        "name": "╨Ш╤Б╤Б╨╗╨╡╨┤╨╛╨▓╨░╨╜╨╕╤П"
    }
},
{
    "model": "news.tag",
    "pk": 5,
    "fields": {
        "name": "╨б╨┐╨╛╤А╤В"
    }
},
{
    "model": "news.tag",
    "pk": 6,
    "fields": {
        "name": "╨д╤Г╤В╨▒╨╛╨╗"
    }
},
{
    "model": "news.tag",
    "pk": 7,
    "fields": {
        "name": "╨Ъ╤Г╨╗╤М╤В╤Г╤А╨░"
    }
},
{
    "model": "news.tag",
    "pk": 8,
    "fields": {
        "name": "╨Ш╤Б╨║╤Г╤Б╤Б╤В╨▓╨╛"
    }
},
{
    "model": "news.tag",
    "pk": 9,
    "fields": {
        "name": "╨Я╨╛╨╗╨╕╤В╨╕╨║╨░"
    }
},
{
    "model": "news.tag",
    "pk": 10,
    "fields": {
        "name": "╨н╨║╨╛╨╜╨╛╨╝╨╕╨║╨░"
    }
},
{
    "model": "news.tag",
    "pk": 11,
    "fields": {
        "name": "╨Ч╨┤╨╛╤А╨╛╨▓╤М╨╡"
    }
},
{
    "model": "news.tag",
    "pk": 12,
    "fields": {
        "name": "╨Ь╨╡╨┤╨╕╤Ж╨╕╨╜╨░"
    }
},
{
    "model": "news.tag",
    "pk": 13,
    "fields": {
        "name": "╨Ю╨▒╤А╨░╨╖╨╛╨▓╨░╨╜╨╕╨╡"
    }
},
{
    "model": "news.tag",
    "pk": 14,
    "fields": {
        "name": "╨Ю╨▒╤Й╨╡╤Б╤В╨▓╨╛"
    }
},
{
    "model": "news.tag",
    "pk": 15,
    "fields": {
        "name": "╨н╨║╨╛╨╗╨╛╨│╨╕╤П"
    }
},
{
    "model": "news.tag",
    "pk": 16,
    "fields": {
        "name": "╨в╤А╨░╨╜╤Б╨┐╨╛╤А╤В"
    }
},
{
    "model": "news.tag",
    "pk": 17,
    "fields": {
        "name": "╨в╤Г╤А╨╕╨╖╨╝"
    }
},
{
    "model": "news.tag",
    "pk": 18,
    "fields": {
        "name": "╨Ь╨╛╨┤╨░"
    }
},
{
    "model": "news.tag",
    "pk": 19,
    "fields": {
        "name": "╨Х╨┤╨░"
    }
},
{
    "model": "news.tag",
    "pk": 20,
    "fields": {
        "name": "╨Ь╤Г╨╖╤Л╨║╨░"
    }
},
{
    "model": "news.article",
    "pk": 1,
    "fields": {
        "title": "╨Ъ╨╛╤И╨║╨╕ ╨╜╨░╤Г╤З╨╕╨╗╨╕╤Б╤М ╨│╨╛╨▓╨╛╤А╨╕╤В╤М",
        "content": "╨Т╤З╨╡╤А╨░ ╨▓ ╨│╨╛╤А╨╛╨┤╨╡ ╨а╨╡╨╣╨║╤М╤П╨▓╨╕╨║ ╨║╨╛╤И╨║╨╕ ╨╜╨░╤З╨░╨╗╨╕ ╤А╨░╨╖╨│╨╛╨▓╨░╤А╨╕╨▓╨░╤В╤М ╨╜╨░ ╤З╨╡╨╗╨╛╨▓╨╡╤З╨╡╤Б╨║╨╛╨╝ ╤П╨╖╤Л╨║╨╡. ╨г╤З╨╡╨╜╤Л╨╡ ╨▓ ╤И╨╛╨║╨╡.",
        "publication_date": "2023-10-01T12:00:00Z",
        "views": 150,
        "category": 1,
        "slug": "1-koshki-nauchilis-govorit",
        "tags": [
            1,
            2
        ]
    }
},
{
    "model": "news.article",
    "pk": 2,
    "fields": {
        "title": "╨Ы╨╡╤В╨░╤О╤Й╨╕╨╡ ╤Б╨╛╨▒╨░╨║╨╕ ╨╖╨░╨╝╨╡╤З╨╡╨╜╤Л ╨╜╨░╨┤ ╨│╨╛╤А╨╛╨┤╨╛╨╝",
        "content": "╨Ц╨╕╤В╨╡╨╗╨╕ ╨│╨╛╤А╨╛╨┤╨░ ╨Р╨║╤Г╤А╨╡╨╣╤А╨╕ ╤Б╨╛╨╛╨▒╤Й╨░╤О╤В ╨╛ ╨╗╨╡╤В╨░╤О╤Й╨╕╤Е ╤Б╨╛╨▒╨░╨║╨░╤Е. ╨Т╨╗╨░╤Б╤В╨╕ ╨╛╨▒╨╡╤Й╨░╤О╤В ╤А╨░╨╖╨╛╨▒╤А╨░╤В╤М╤Б╤П.",
        "publication_date": "2023-10-02T12:00:00Z",
        "views": 200,
        "category": 2,
        "slug": "2-letayushchie-sobaki-zamecheny-nad-gorodom",
        "tags": [
            3,
            4
        ]
    }
},
{
    "model": "news.article",
    "pk": 3,
    "fields": {
        "title": "╨Ф╨╡╤А╨╡╨▓╤М╤П ╨╜╨░╤З╨░╨╗╨╕ ╤Е╨╛╨┤╨╕╤В╤М",
        "content": "╨Т ╨╗╨╡╤Б╤Г ╨е╤С╨▓╤О╨┤╨▒╨╛╤А╨│╨░╤А╤Б╨▓╤С╨╣╤В╤О╤А ╨┤╨╡╤А╨╡╨▓╤М╤П ╨╜╨░╤З╨░╨╗╨╕ ╨┐╨╡╤А╨╡╨┤╨▓╨╕╨│╨░╤В╤М╤Б╤П. ╨н╨║╨╛╨╗╨╛╨│╨╕ ╨▓ ╨┐╨░╨╜╨╕╨║╨╡.",
        "publication_date": "2023-10-03T12:00:00Z",
        "views": 120,
        "category": 3,
        "slug": "3-derevya-nachali-hodit",
        "tags": [
            5,
            6
        ]
    }
},
{
    "model": "news.article",
    "pk": 4,
    "fields": {
        "title": "╨а╤Л╨▒╤Л ╨┐╨╛╤О╤В ╨╛╨┐╨╡╤А╤Г",
        "content": "╨Т ╨░╨║╨▓╨░╤А╨╕╤Г╨╝╨╡ ╨Ъ╨╡╨▒╨╗╨░╨▓╨╕╨║ ╤А╤Л╨▒╤Л ╨╜╨░╤З╨░╨╗╨╕ ╨┐╨╡╤В╤М ╨╛╨┐╨╡╤А╨╜╤Л╨╡ ╨░╤А╨╕╨╕. ╨Ч╤А╨╕╤В╨╡╨╗╨╕ ╨▓ ╨▓╨╛╤Б╤В╨╛╤А╨│╨╡.",
        "publication_date": "2023-10-04T12:00:00Z",
        "views": 300,
        "category": 4,
        "slug": "4-ryby-poyut-operu",
        "tags": [
            7,
            8
        ]
    }
},
{
    "model": "news.article",
    "pk": 5,
    "fields": {
        "title": "╨Я╤В╨╕╤Ж╤Л ╤Б╤В╤А╨╛╤П╤В ╨╜╨╡╨▒╨╛╤Б╨║╤А╨╡╨▒╤Л",
        "content": "╨Т ╨│╨╛╤А╨╛╨┤╨╡ ╨е╨░╨▒╨╜╨░╤А╤Д╤М╨╛╤А╨┤╤О╤А ╨┐╤В╨╕╤Ж╤Л ╨╜╨░╤З╨░╨╗╨╕ ╤Б╤В╤А╨╛╨╕╤В╤М ╨╜╨╡╨▒╨╛╤Б╨║╤А╨╡╨▒╤Л. ╨Р╤А╤Е╨╕╤В╨╡╨║╤В╨╛╤А╤Л ╨▓ ╨╜╨╡╨┤╨╛╤Г╨╝╨╡╨╜╨╕╨╕.",
        "publication_date": "2023-10-05T12:00:00Z",
        "views": 250,
        "category": 5,
        "slug": "5-pticy-stroyat-neboskreby",
        "tags": [
            9,
            10
        ]
    }
},
{
    "model": "news.article",
    "pk": 6,
    "fields": {
        "title": "╨Ь╨╡╨┤╨▓╨╡╨┤╨╕ ╨╛╤В╨║╤А╤Л╨╗╨╕ ╤А╨╡╤Б╤В╨╛╤А╨░╨╜",
        "content": "╨Т ╨╗╨╡╤Б╤Г ╨Т╨╡╤Б╤В╨╝╨░╨╜╨╜╨░╤Н╨╣╤П╤А ╨╝╨╡╨┤╨▓╨╡╨┤╨╕ ╨╛╤В╨║╤А╤Л╨╗╨╕ ╤А╨╡╤Б╤В╨╛╤А╨░╨╜. ╨Я╨╛╤Б╨╡╤В╨╕╤В╨╡╨╗╨╕ ╨┤╨╛╨▓╨╛╨╗╤М╨╜╤Л.",
        "publication_date": "2023-10-06T12:00:00Z",
        "views": 180,
        "category": 6,
        "slug": "6-medvedi-otkryli-restoran",
        "tags": [
            11,
            12
        ]
    }
},
{
    "model": "news.article",
    "pk": 7,
    "fields": {
        "title": "╨Ъ╤А╨╛╨╗╨╕╨║╨╕ ╨╕╨│╤А╨░╤О╤В ╨▓ ╤Д╤Г╤В╨▒╨╛╨╗",
        "content": "╨Т ╨┐╨░╤А╨║╨╡ ╨б╨╡╨╗╤В╤М╤П╨┤╨╜╨░╤А╨╜╨╡╤Б ╨║╤А╨╛╨╗╨╕╨║╨╕ ╨╜╨░╤З╨░╨╗╨╕ ╨╕╨│╤А╨░╤В╤М ╨▓ ╤Д╤Г╤В╨▒╨╛╨╗. ╨С╨╛╨╗╨╡╨╗╤М╤Й╨╕╨║╨╕ ╨▓ ╨▓╨╛╤Б╤В╨╛╤А╨│╨╡.",
        "publication_date": "2023-10-07T12:00:00Z",
        "views": 220,
        "category": 7,
        "slug": "7-kroliki-igrayut-v-futbol",
        "tags": [
            13,
            14
        ]
    }
},
{
    "model": "news.article",
    "pk": 8,
    "fields": {
        "title": "╨Ы╤П╨│╤Г╤И╨║╨╕ ╤Г╤З╨░╤В╤Б╤П ╨▓ ╤Г╨╜╨╕╨▓╨╡╤А╤Б╨╕╤В╨╡╤В╨╡",
        "content": "╨Т ╤Г╨╜╨╕╨▓╨╡╤А╤Б╨╕╤В╨╡╤В╨╡ ╨а╨╡╨╣╨║╤М╤П╨▓╨╕╨║ ╨╗╤П╨│╤Г╤И╨║╨╕ ╨╜╨░╤З╨░╨╗╨╕ ╨┐╨╛╤Б╨╡╤Й╨░╤В╤М ╨╗╨╡╨║╤Ж╨╕╨╕. ╨б╤В╤Г╨┤╨╡╨╜╤В╤Л ╨▓ ╤И╨╛╨║╨╡.",
        "publication_date": "2023-10-08T12:00:00Z",
        "views": 160,
        "category": 1,
        "slug": "8-lyagushki-uchatsya-v-universitete",
        "tags": [
            1,
            2,
            3
        ]
    }
},
{
    "model": "news.article",
    "pk": 9,
    "fields": {
        "title": "╨Ь╤Л╤И╨╕ ╨╛╤В╨║╤А╤Л╨╗╨╕ ╨▒╨░╨╜╨║",
        "content": "╨Т ╨│╨╛╤А╨╛╨┤╨╡ ╨Р╨║╤Г╤А╨╡╨╣╤А╨╕ ╨╝╤Л╤И╨╕ ╨╛╤В╨║╤А╤Л╨╗╨╕ ╨▒╨░╨╜╨║. ╨Ъ╨╗╨╕╨╡╨╜╤В╤Л ╨┤╨╛╨▓╨╛╨╗╤М╨╜╤Л.",
        "publication_date": "2023-10-09T12:00:00Z",
        "views": 280,
        "category": 2,
        "slug": "9-myshi-otkryli-bank",
        "tags": [
            4,
            5,
            6
        ]
    }
},
{
    "model": "news.article",
    "pk": 10,
    "fields": {
        "title": "╨Я╤З╨╡╨╗╤Л ╤Б╤В╤А╨╛╤П╤В ╨║╨╛╤Б╨╝╨╕╤З╨╡╤Б╨║╨╕╨╡ ╨║╨╛╤А╨░╨▒╨╗╨╕",
        "content": "╨Т ╨╗╨╡╤Б╤Г ╨е╤С╨▓╤О╨┤╨▒╨╛╤А╨│╨░╤А╤Б╨▓╤С╨╣╤В╤О╤А ╨┐╤З╨╡╨╗╤Л ╨╜╨░╤З╨░╨╗╨╕ ╤Б╤В╤А╨╛╨╕╤В╤М ╨║╨╛╤Б╨╝╨╕╤З╨╡╤Б╨║╨╕╨╡ ╨║╨╛╤А╨░╨▒╨╗╨╕. ╨г╤З╨╡╨╜╤Л╨╡ ╨▓ ╨╜╨╡╨┤╨╛╤Г╨╝╨╡╨╜╨╕╨╕.",
        "publication_date": "2023-10-10T12:00:00Z",
        "views": 210,
        "category": 3,
        "slug": "10-pchely-stroyat-kosmicheskie-korabli",
        "tags": [
            7,
            8,
            9
        ]
    }
},
{
    "model": "news.article",
    "pk": 11,
    "fields": {
        "title": "╨б╨╗╨╛╨╜╤Л ╨╕╨│╤А╨░╤О╤В ╨▓ ╤И╨░╤Е╨╝╨░╤В╤Л",
        "content": "╨Т ╨╖╨╛╨╛╨┐╨░╤А╨║╨╡ ╨Ъ╨╡╨▒╨╗╨░╨▓╨╕╨║ ╤Б╨╗╨╛╨╜╤Л ╨╜╨░╤З╨░╨╗╨╕ ╨╕╨│╤А╨░╤В╤М ╨▓ ╤И╨░╤Е╨╝╨░╤В╤Л. ╨Я╨╛╤Б╨╡╤В╨╕╤В╨╡╨╗╨╕ ╨▓ ╨▓╨╛╤Б╤В╨╛╤А╨│╨╡.",
        "publication_date": "2023-10-11T12:00:00Z",
        "views": 320,
        "category": 4,
        "slug": "11-slony-igrayut-v-shahmaty",
        "tags": [
            10,
            11,
            12
        ]
    }
},
{
    "model": "news.article",
    "pk": 12,
    "fields": {
        "title": "╨Ъ╤Г╤А╤Л ╨╛╤В╨║╤А╤Л╨╗╨╕ ╤В╨╡╨░╤В╤А",
        "content": "╨Т ╨┤╨╡╤А╨╡╨▓╨╜╨╡ ╨Т╨╡╤Б╤В╨╝╨░╨╜╨╜╨░╤Н╨╣╤П╤А ╨║╤Г╤А╤Л ╨╛╤В╨║╤А╤Л╨╗╨╕ ╤В╨╡╨░╤В╤А. ╨Ч╤А╨╕╤В╨╡╨╗╨╕ ╨┤╨╛╨▓╨╛╨╗╤М╨╜╤Л.",
        "publication_date": "2023-10-12T12:00:00Z",
        "views": 190,
        "category": 5,
        "slug": "12-kury-otkryli-teatr",
        "tags": [
            13,
            14,
            15
        ]
    }
},
{
    "model": "news.article",
    "pk": 13,
    "fields": {
        "title": "╨Ы╨╕╤Б╤Л ╨╛╤В╨║╤А╤Л╨╗╨╕ ╤И╨║╨╛╨╗╤Г",
        "content": "╨Т ╨╗╨╡╤Б╤Г ╨б╨╡╨╗╤В╤М╤П╨┤╨╜╨░╤А╨╜╨╡╤Б ╨╗╨╕╤Б╤Л ╨╛╤В╨║╤А╤Л╨╗╨╕ ╤И╨║╨╛╨╗╤Г. ╨г╤З╨╡╨╜╨╕╨║╨╕ ╨┤╨╛╨▓╨╛╨╗╤М╨╜╤Л.",
        "publication_date": "2023-10-13T12:00:00Z",
        "views": 240,
        "category": 6,
        "slug": "13-lisy-otkryli-shkolu",
        "tags": [
            1,
            2,
            3,
            4
        ]
    }
},
{
    "model": "news.article",
    "pk": 14,
    "fields": {
        "title": "╨С╨╡╨╗╨║╨╕ ╨╛╤В╨║╤А╤Л╨╗╨╕ ╨╝╨░╨│╨░╨╖╨╕╨╜",
        "content": "╨Т ╨┐╨░╤А╨║╨╡ ╨е╨░╨▒╨╜╨░╤А╤Д╤М╨╛╤А╨┤╤О╤А ╨▒╨╡╨╗╨║╨╕ ╨╛╤В╨║╤А╤Л╨╗╨╕ ╨╝╨░╨│╨░╨╖╨╕╨╜. ╨Я╨╛╨║╤Г╨┐╨░╤В╨╡╨╗╨╕ ╨┤╨╛╨▓╨╛╨╗╤М╨╜╤Л.",
        "publication_date": "2023-10-14T12:00:00Z",
        "views": 270,
        "category": 7,
        "slug": "14-belki-otkryli-magazin",
        "tags": [
            5,
            6,
            7,
            8
        ]
    }
},
{
    "model": "news.article",
    "pk": 15,
    "fields": {
        "title": "╨Ч╨░╨╣╤Ж╤Л ╨╛╤В╨║╤А╤Л╨╗╨╕ ╨▒╨╕╨▒╨╗╨╕╨╛╤В╨╡╨║╤Г",
        "content": "╨Т ╨╗╨╡╤Б╤Г ╨а╨╡╨╣╨║╤М╤П╨▓╨╕╨║ ╨╖╨░╨╣╤Ж╤Л ╨╛╤В╨║╤А╤Л╨╗╨╕ ╨▒╨╕╨▒╨╗╨╕╨╛╤В╨╡╨║╤Г. ╨з╨╕╤В╨░╤В╨╡╨╗╨╕ ╨┤╨╛╨▓╨╛╨╗╤М╨╜╤Л.",
        "publication_date": "2023-10-15T12:00:00Z",
        "views": 200,
        "category": 1,
        "slug": "15-zaytsy-otkryli-biblioteku",
        "tags": [
            9,
            10,
            11,
            12
        ]
    }
},
{
    "model": "news.article",
    "pk": 16,
    "fields": {
        "title": "╨Х╨╢╨╕╨║╨╕ ╨╛╤В╨║╤А╤Л╨╗╨╕ ╨╝╤Г╨╖╨╡╨╣",
        "content": "╨Т ╨│╨╛╤А╨╛╨┤╨╡ ╨Р╨║╤Г╤А╨╡╨╣╤А╨╕ ╨╡╨╢╨╕╨║╨╕ ╨╛╤В╨║╤А╤Л╨╗╨╕ ╨╝╤Г╨╖╨╡╨╣. ╨Я╨╛╤Б╨╡╤В╨╕╤В╨╡╨╗╨╕ ╨┤╨╛╨▓╨╛╨╗╤М╨╜╤Л.",
        "publication_date": "2023-10-16T12:00:00Z",
        "views": 170,
        "category": 2,
        "slug": "16-ezhiki-otkryli-muzey",
        "tags": [
            13,
            14,
            15,
            16
        ]
    }
},
{
    "model": "news.article",
    "pk": 17,
    "fields": {
        "title": "╨Ъ╤А╨╛╤В╤Л ╨╛╤В╨║╤А╤Л╨╗╨╕ ╤А╨╡╤Б╤В╨╛╤А╨░╨╜",
        "content": "╨Т ╨╗╨╡╤Б╤Г ╨е╤С╨▓╤О╨┤╨▒╨╛╤А╨│╨░╤А╤Б╨▓╤С╨╣╤В╤О╤А ╨║╤А╨╛╤В╤Л ╨╛╤В╨║╤А╤Л╨╗╨╕ ╤А╨╡╤Б╤В╨╛╤А╨░╨╜. ╨Я╨╛╤Б╨╡╤В╨╕╤В╨╡╨╗╨╕ ╨┤╨╛╨▓╨╛╨╗╤М╨╜╤Л.",
        "publication_date": "2023-10-17T12:00:00Z",
        "views": 232,
        "category": 3,
        "slug": "17-kroty-otkryli-restoran",
        "tags": [
            17,
            18,
            19,
            20
        ]
    }
},
{
    "model": "news.article",
    "pk": 18,
    "fields": {
        "title": "╨Ы╨╡╤В╤Г╤З╨╕╨╡ ╨╝╤Л╤И╨╕ ╨╛╤В╨║╤А╤Л╨╗╨╕ ╨║╨╕╨╜╨╛╤В╨╡╨░╤В╤А",
        "content": "╨Т ╨│╨╛╤А╨╛╨┤╨╡ ╨Ъ╨╡╨▒╨╗╨░╨▓╨╕╨║ ╨╗╨╡╤В╤Г╤З╨╕╨╡ ╨╝╤Л╤И╨╕ ╨╛╤В╨║╤А╤Л╨╗╨╕ ╨║╨╕╨╜╨╛╤В╨╡╨░╤В╤А. ╨Ч╤А╨╕╤В╨╡╨╗╨╕ ╨┤╨╛╨▓╨╛╨╗╤М╨╜╤Л.",
        "publication_date": "2023-10-18T12:00:00Z",
        "views": 260,
        "category": 4,
        "slug": "18-letuchie-myshi-otkryli-kinoteatr",
        "tags": [
            1,
            2,
            3,
            4
        ]
    }
},
{
    "model": "news.article",
    "pk": 19,
    "fields": {
        "title": "╨Я╨░╤Г╨║╨╕ ╨╛╤В╨║╤А╤Л╨╗╨╕ ╤Б╨┐╨╛╤А╤В╨╖╨░╨╗",
        "content": "╨Т ╨╗╨╡╤Б╤Г ╨Т╨╡╤Б╤В╨╝╨░╨╜╨╜╨░╤Н╨╣╤П╤А ╨┐╨░╤Г╨║╨╕ ╨╛╤В╨║╤А╤Л╨╗╨╕ ╤Б╨┐╨╛╤А╤В╨╖╨░╨╗. ╨Я╨╛╤Б╨╡╤В╨╕╤В╨╡╨╗╨╕ ╨┤╨╛╨▓╨╛╨╗╤М╨╜╤Л.",
        "publication_date": "2023-10-19T12:00:00Z",
        "views": 190,
        "category": 5,
        "slug": "19-pauki-otkryli-sportzal",
        "tags": [
            5,
            6,
            7,
            8
        ]
    }
},
{
    "model": "news.article",
    "pk": 20,
    "fields": {
        "title": "╨Ц╨░╨▒╤Л ╨╛╤В╨║╤А╤Л╨╗╨╕ ╨║╨░╤Д╨╡",
        "content": "╨Т ╨│╨╛╤А╨╛╨┤╨╡ ╨б╨╡╨╗╤В╤М╤П╨┤╨╜╨░╤А╨╜╨╡╤Б ╨╢╨░╨▒╤Л ╨╛╤В╨║╤А╤Л╨╗╨╕ ╨║╨░╤Д╨╡. ╨Я╨╛╤Б╨╡╤В╨╕╤В╨╡╨╗╨╕ ╨┤╨╛╨▓╨╛╨╗╤М╨╜╤Л.",
        "publication_date": "2023-10-20T12:00:00Z",
        "views": 210,
        "category": 6,
        "slug": "20-zhaby-otkryli-kafe",
        "tags": [
            9,
            10,
            11,
            12
        ]
    }
},
{
    "model": "news.article",
    "pk": 21,
    "fields": {
        "title": "╨г╤В╨║╨╕ ╨╛╤В╨║╤А╤Л╨╗╨╕ ╤Б╨░╨╗╨╛╨╜ ╨║╤А╨░╤Б╨╛╤В╤Л",
        "content": "╨Т ╨┐╨░╤А╨║╨╡ ╨е╨░╨▒╨╜╨░╤А╤Д╤М╨╛╤А╨┤╤О╤А ╤Г╤В╨║╨╕ ╨╛╤В╨║╤А╤Л╨╗╨╕ ╤Б╨░╨╗╨╛╨╜ ╨║╤А╨░╤Б╨╛╤В╤Л. ╨Ъ╨╗╨╕╨╡╨╜╤В╤Л ╨┤╨╛╨▓╨╛╨╗╤М╨╜╤Л.",
        "publication_date": "2023-10-21T12:00:00Z",
        "views": 240,
        "category": 7,
        "slug": "21-utki-otkryli-salon-krasoty",
        "tags": [
            13,
            14,
            15,
            16
        ]
    }
},
{
    "model": "news.article",
    "pk": 22,
    "fields": {
        "title": "╨У╤Г╤Б╨╕ ╨╛╤В╨║╤А╤Л╨╗╨╕ ╤Д╨╕╤В╨╜╨╡╤Б-╤Ж╨╡╨╜╤В╤А",
        "content": "╨Т ╨│╨╛╤А╨╛╨┤╨╡ ╨а╨╡╨╣╨║╤М╤П╨▓╨╕╨║ ╨│╤Г╤Б╨╕ ╨╛╤В╨║╤А╤Л╨╗╨╕ ╤Д╨╕╤В╨╜╨╡╤Б-╤Ж╨╡╨╜╤В╤А. ╨Я╨╛╤Б╨╡╤В╨╕╤В╨╡╨╗╨╕ ╨┤╨╛╨▓╨╛╨╗╤М╨╜╤Л.",
        "publication_date": "2023-10-22T12:00:00Z",
        "views": 270,
        "category": 1,
        "slug": "22-gusi-otkryli-fitnes-tsentr",
        "tags": [
            17,
            18,
            19,
            20
        ]
    }
},
{
    "model": "news.article",
    "pk": 23,
    "fields": {
        "title": "╨Ы╨╡╨▒╨╡╨┤╨╕ ╨╛╤В╨║╤А╤Л╨╗╨╕ ╤Б╨┐╨░-╤Б╨░╨╗╨╛╨╜",
        "content": "╨Т ╨╛╨╖╨╡╤А╨╡ ╨Р╨║╤Г╤А╨╡╨╣╤А╨╕ ╨╗╨╡╨▒╨╡╨┤╨╕ ╨╛╤В╨║╤А╤Л╨╗╨╕ ╤Б╨┐╨░-╤Б╨░╨╗╨╛╨╜. ╨Ъ╨╗╨╕╨╡╨╜╤В╤Л ╨┤╨╛╨▓╨╛╨╗╤М╨╜╤Л.",
        "publication_date": "2023-10-23T12:00:00Z",
        "views": 200,
        "category": 2,
        "slug": "23-lebedi-otkryli-spa-salon",
        "tags": [
            1,
            2,
            3,
            4
        ]
    }
},
{
    "model": "news.article",
    "pk": 24,
    "fields": {
        "title": "╨д╨╗╨░╨╝╨╕╨╜╨│╨╛ ╨╛╤В╨║╤А╤Л╨╗╨╕ ╤В╨░╨╜╤Ж╨╡╨▓╨░╨╗╤М╨╜╤Г╤О ╤Б╤В╤Г╨┤╨╕╤О",
        "content": "╨Т ╨┐╨░╤А╨║╨╡ ╨е╤С╨▓╤О╨┤╨▒╨╛╤А╨│╨░╤А╤Б╨▓╤С╨╣╤В╤О╤А ╤Д╨╗╨░╨╝╨╕╨╜╨│╨╛ ╨╛╤В╨║╤А╤Л╨╗╨╕ ╤В╨░╨╜╤Ж╨╡╨▓╨░╨╗╤М╨╜╤Г╤О ╤Б╤В╤Г╨┤╨╕╤О. ╨Я╨╛╤Б╨╡╤В╨╕╤В╨╡╨╗╨╕ ╨┤╨╛╨▓╨╛╨╗╤М╨╜╤Л.",
        "publication_date": "2023-10-24T12:00:00Z",
        "views": 230,
        "category": 3,
        "slug": "24-flamingo-otkryli-tantsevalnuyu-studiyu",
        "tags": [
            5,
            6,
            7,
            8
        ]
    }
},
{
    "model": "news.article",
    "pk": 25,
    "fields": {
        "title": "╨Я╨╡╨╗╨╕╨║╨░╨╜╤Л ╨╛╤В╨║╤А╤Л╨╗╨╕ ╨╣╨╛╨│╨░-╤Б╤В╤Г╨┤╨╕╤О",
        "content": "╨Т ╨│╨╛╤А╨╛╨┤╨╡ ╨Ъ╨╡╨▒╨╗╨░╨▓╨╕╨║ ╨┐╨╡╨╗╨╕╨║╨░╨╜╤Л ╨╛╤В╨║╤А╤Л╨╗╨╕ ╨╣╨╛╨│╨░-╤Б╤В╤Г╨┤╨╕╤О. ╨Я╨╛╤Б╨╡╤В╨╕╤В╨╡╨╗╨╕ ╨┤╨╛╨▓╨╛╨╗╤М╨╜╤Л.",
        "publication_date": "2023-10-25T12:00:00Z",
        "views": 250,
        "category": 4,
        "slug": "25-pelikany-otkryli-yoga-studiyu",
        "tags": [
            9,
            10,
            11,
            12
        ]
    }
},
{
    "model": "news.article",
    "pk": 26,
    "fields": {
        "title": "╨Р╨╕╤Б╤В╤Л ╨╛╤В╨║╤А╤Л╨╗╨╕ ╨┤╨╡╤В╤Б╨║╨╕╨╣ ╤Б╨░╨┤",
        "content": "╨Т ╨┤╨╡╤А╨╡╨▓╨╜╨╡ ╨Т╨╡╤Б╤В╨╝╨░╨╜╨╜╨░╤Н╨╣╤П╤А ╨░╨╕╤Б╤В╤Л ╨╛╤В╨║╤А╤Л╨╗╨╕ ╨┤╨╡╤В╤Б╨║╨╕╨╣ ╤Б╨░╨┤. ╨а╨╛╨┤╨╕╤В╨╡╨╗╨╕ ╨┤╨╛╨▓╨╛╨╗╤М╨╜╤Л.",
        "publication_date": "2023-10-26T12:00:00Z",
        "views": 220,
        "category": 5,
        "slug": "26-aisty-otkryli-detskiy-sad",
        "tags": [
            13,
            14,
            15,
            16
        ]
    }
},
{
    "model": "news.article",
    "pk": 27,
    "fields": {
        "title": "╨ж╨░╨┐╨╗╨╕ ╨╛╤В╨║╤А╤Л╨╗╨╕ ╤И╨║╨╛╨╗╤Г ╨╕╤Б╨║╤Г╤Б╤Б╤В╨▓",
        "content": "╨Т ╨│╨╛╤А╨╛╨┤╨╡ ╨б╨╡╨╗╤В╤М╤П╨┤╨╜╨░╤А╨╜╨╡╤Б ╤Ж╨░╨┐╨╗╨╕ ╨╛╤В╨║╤А╤Л╨╗╨╕ ╤И╨║╨╛╨╗╤Г ╨╕╤Б╨║╤Г╤Б╤Б╤В╨▓. ╨г╤З╨╡╨╜╨╕╨║╨╕ ╨┤╨╛╨▓╨╛╨╗╤М╨╜╤Л.",
        "publication_date": "2023-10-27T12:00:00Z",
        "views": 260,
        "category": 6,
        "slug": "27-tsapli-otkryli-shkolu-iskusstv",
        "tags": [
            17,
            18,
            19,
            20
        ]
    }
},
{
    "model": "news.article",
    "pk": 28,
    "fields": {
        "title": "╨Ш╨▒╨╕╤Б╤Л ╨╛╤В╨║╤А╤Л╨╗╨╕ ╨╝╤Г╨╖╤Л╨║╨░╨╗╤М╨╜╤Г╤О ╤И╨║╨╛╨╗╤Г",
        "content": "╨Т ╨┐╨░╤А╨║╨╡ ╨е╨░╨▒╨╜╨░╤А╤Д╤М╨╛╤А╨┤╤О╤А ╨╕╨▒╨╕╤Б╤Л ╨╛╤В╨║╤А╤Л╨╗╨╕ ╨╝╤Г╨╖╤Л╨║╨░╨╗╤М╨╜╤Г╤О ╤И╨║╨╛╨╗╤Г. ╨г╤З╨╡╨╜╨╕╨║╨╕ ╨┤╨╛╨▓╨╛╨╗╤М╨╜╤Л.",
        "publication_date": "2023-10-28T12:00:00Z",
        "views": 210,
        "category": 7,
        "slug": "28-ibisy-otkryli-muzykalnuyu-shkolu",
        "tags": [
            1,
            2,
            3,
            4
        ]
    }
},
{
    "model": "news.article",
    "pk": 29,
    "fields": {
        "title": "╨б╨╛╨▓╤Л ╨╛╤В╨║╤А╤Л╨╗╨╕ ╨▒╨╕╨▒╨╗╨╕╨╛╤В╨╡╨║╤Г",
        "content": "╨Т ╨╗╨╡╤Б╤Г ╨а╨╡╨╣╨║╤М╤П╨▓╨╕╨║ ╤Б╨╛╨▓╤Л ╨╛╤В╨║╤А╤Л╨╗╨╕ ╨▒╨╕╨▒╨╗╨╕╨╛╤В╨╡╨║╤Г. ╨з╨╕╤В╨░╤В╨╡╨╗╨╕ ╨┤╨╛╨▓╨╛╨╗╤М╨╜╤Л.",
        "publication_date": "2023-10-29T12:00:00Z",
        "views": 240,
        "category": 1,
        "slug": "29-sovy-otkryli-biblioteku",
        "tags": [
            5,
            6,
            7,
            8
        ]
    }
},
{
    "model": "news.article",
    "pk": 30,
    "fields": {
        "title": "╨Ю╨╗╨╡╨╜╨╕ ╨╛╤В╨║╤А╤Л╨╗╨╕ ╤А╨╡╤Б╤В╨╛╤А╨░╨╜",
        "content": "╨Т ╨│╨╛╤А╨╛╨┤╨╡ ╨Р╨║╤Г╤А╨╡╨╣╤А╨╕ ╨╛╨╗╨╡╨╜╨╕ ╨╛╤В╨║╤А╤Л╨╗╨╕ ╤А╨╡╤Б╤В╨╛╤А╨░╨╜. ╨Я╨╛╤Б╨╡╤В╨╕╤В╨╡╨╗╨╕ ╨┤╨╛╨▓╨╛╨╗╤М╨╜╤Л.",
        "publication_date": "2023-10-30T12:00:00Z",
        "views": 270,
        "category": 2,
        "slug": "30-oleni-otkryli-restoran",
        "tags": [
            9,
            10,
            11,
            12
        ]
    }
},
{
    "model": "news.article",
    "pk": 31,
    "fields": {
        "title": "╨Ы╨╛╤Б╨╕ ╨╛╤В╨║╤А╤Л╨╗╨╕ ╨║╨░╤Д╨╡",
        "content": "╨Т ╨╗╨╡╤Б╤Г ╨е╤С╨▓╤О╨┤╨▒╨╛╤А╨│╨░╤А╤Б╨▓╤С╨╣╤В╤О╤А ╨╗╨╛╤Б╨╕ ╨╛╤В╨║╤А╤Л╨╗╨╕ ╨║╨░╤Д╨╡. ╨Я╨╛╤Б╨╡╤В╨╕╤В╨╡╨╗╨╕ ╨┤╨╛╨▓╨╛╨╗╤М╨╜╤Л.",
        "publication_date": "2023-10-31T12:00:00Z",
        "views": 200,
        "category": 3,
        "slug": "31-losi-otkryli-kafe",
        "tags": [
            13,
            14,
            15,
            16
        ]
    }
},
{
    "model": "news.article",
    "pk": 32,
    "fields": {
        "title": "╨Т╨╛╨╗╨║╨╕ ╨╛╤В╨║╤А╤Л╨╗╨╕ ╤Б╨┐╨╛╤А╤В╨╖╨░╨╗",
        "content": "╨Т ╨│╨╛╤А╨╛╨┤╨╡ ╨Ъ╨╡╨▒╨╗╨░╨▓╨╕╨║ ╨▓╨╛╨╗╨║╨╕ ╨╛╤В╨║╤А╤Л╨╗╨╕ ╤Б╨┐╨╛╤А╤В╨╖╨░╨╗. ╨Я╨╛╤Б╨╡╤В╨╕╤В╨╡╨╗╨╕ ╨┤╨╛╨▓╨╛╨╗╤М╨╜╤Л.",
        "publication_date": "2023-11-01T12:00:00Z",
        "views": 230,
        "category": 4,
        "slug": "32-volki-otkryli-sportzal",
        "tags": [
            1,
            2,
            3,
            4
        ]
    }
},
{
    "model": "news.article",
    "pk": 33,
    "fields": {
        "title": "╨Ы╨╕╤Б╤Л ╨╛╤В╨║╤А╤Л╨╗╨╕ ╨╝╤Г╨╖╨╡╨╣",
        "content": "╨Т ╨┤╨╡╤А╨╡╨▓╨╜╨╡ ╨Т╨╡╤Б╤В╨╝╨░╨╜╨╜╨░╤Н╨╣╤П╤А ╨╗╨╕╤Б╤Л ╨╛╤В╨║╤А╤Л╨╗╨╕ ╨╝╤Г╨╖╨╡╨╣. ╨Я╨╛╤Б╨╡╤В╨╕╤В╨╡╨╗╨╕ ╨┤╨╛╨▓╨╛╨╗╤М╨╜╤Л.",
        "publication_date": "2023-11-02T12:00:00Z",
        "views": 250,
        "category": 5,
        "slug": "33-lisy-otkryli-muzey",
        "tags": [
            5,
            6,
            7,
            8
        ]
    }
},
{
    "model": "news.article",
    "pk": 34,
    "fields": {
        "title": "╨С╨╡╨╗╨║╨╕ ╨╛╤В╨║╤А╤Л╨╗╨╕ ╨╝╨░╨│╨░╨╖╨╕╨╜",
        "content": "╨Т ╨┐╨░╤А╨║╨╡ ╨б╨╡╨╗╤В╤М╤П╨┤╨╜╨░╤А╨╜╨╡╤Б ╨▒╨╡╨╗╨║╨╕ ╨╛╤В╨║╤А╤Л╨╗╨╕ ╨╝╨░╨│╨░╨╖╨╕╨╜. ╨Я╨╛╨║╤Г╨┐╨░╤В╨╡╨╗╨╕ ╨┤╨╛╨▓╨╛╨╗╤М╨╜╤Л.",
        "publication_date": "2023-11-03T12:00:00Z",
        "views": 220,
        "category": 6,
        "slug": "34-belki-otkryli-magazin",
        "tags": [
            9,
            10,
            11,
            12
        ]
    }
},
{
    "model": "news.article",
    "pk": 35,
    "fields": {
        "title": "╨Ч╨░╨╣╤Ж╤Л ╨╛╤В╨║╤А╤Л╨╗╨╕ ╨▒╨╕╨▒╨╗╨╕╨╛╤В╨╡╨║╤Г",
        "content": "╨Т ╨╗╨╡╤Б╤Г ╨е╨░╨▒╨╜╨░╤А╤Д╤М╨╛╤А╨┤╤О╤А ╨╖╨░╨╣╤Ж╤Л ╨╛╤В╨║╤А╤Л╨╗╨╕ ╨▒╨╕╨▒╨╗╨╕╨╛╤В╨╡╨║╤Г. ╨з╨╕╤В╨░╤В╨╡╨╗╨╕ ╨┤╨╛╨▓╨╛╨╗╤М╨╜╤Л.",
        "publication_date": "2023-11-04T12:00:00Z",
        "views": 260,
        "category": 7,
        "slug": "35-zaytsy-otkryli-biblioteku",
        "tags": [
            13,
            14,
            15,
            16
        ]
    }
},
{
    "model": "news.article",
    "pk": 36,
    "fields": {
        "title": "╨Х╨╢╨╕╨║╨╕ ╨╛╤В╨║╤А╤Л╨╗╨╕ ╨╝╤Г╨╖╨╡╨╣",
        "content": "╨Т ╨│╨╛╤А╨╛╨┤╨╡ ╨а╨╡╨╣╨║╤М╤П╨▓╨╕╨║ ╨╡╨╢╨╕╨║╨╕ ╨╛╤В╨║╤А╤Л╨╗╨╕ ╨╝╤Г╨╖╨╡╨╣. ╨Я╨╛╤Б╨╡╤В╨╕╤В╨╡╨╗╨╕ ╨┤╨╛╨▓╨╛╨╗╤М╨╜╤Л.",
        "publication_date": "2023-11-05T12:00:00Z",
        "views": 210,
        "category": 1,
        "slug": "36-ezhiki-otkryli-muzey",
        "tags": [
            1,
            2,
            3,
            4
        ]
    }
},
{
    "model": "news.article",
    "pk": 37,
    "fields": {
        "title": "╨Ъ╤А╨╛╤В╤Л ╨╛╤В╨║╤А╤Л╨╗╨╕ ╤А╨╡╤Б╤В╨╛╤А╨░╨╜",
        "content": "╨Т ╨╗╨╡╤Б╤Г ╨Р╨║╤Г╤А╨╡╨╣╤А╨╕ ╨║╤А╨╛╤В╤Л ╨╛╤В╨║╤А╤Л╨╗╨╕ ╤А╨╡╤Б╤В╨╛╤А╨░╨╜. ╨Я╨╛╤Б╨╡╤В╨╕╤В╨╡╨╗╨╕ ╨┤╨╛╨▓╨╛╨╗╤М╨╜╤Л.",
        "publication_date": "2023-11-06T12:00:00Z",
        "views": 240,
        "category": 2,
        "slug": "37-kroty-otkryli-restoran",
        "tags": [
            5,
            6,
            7,
            8
        ]
    }
},
{
    "model": "news.article",
    "pk": 38,
    "fields": {
        "title": "╨Ы╨╡╤В╤Г╤З╨╕╨╡ ╨╝╤Л╤И╨╕ ╨╛╤В╨║╤А╤Л╨╗╨╕ ╨║╨╕╨╜╨╛╤В╨╡╨░╤В╤А",
        "content": "╨Т ╨│╨╛╤А╨╛╨┤╨╡ ╨е╤С╨▓╤О╨┤╨▒╨╛╤А╨│╨░╤А╤Б╨▓╤С╨╣╤В╤О╤А ╨╗╨╡╤В╤Г╤З╨╕╨╡ ╨╝╤Л╤И╨╕ ╨╛╤В╨║╤А╤Л╨╗╨╕ ╨║╨╕╨╜╨╛╤В╨╡╨░╤В╤А. ╨Ч╤А╨╕╤В╨╡╨╗╨╕ ╨┤╨╛╨▓╨╛╨╗╤М╨╜╤Л.",
        "publication_date": "2023-11-07T12:00:00Z",
        "views": 270,
        "category": 3,
        "slug": "38-letuchie-myshi-otkryli-kinoteatr",
        "tags": [
            9,
            10,
            11,
            12
        ]
    }
},
{
    "model": "news.article",
    "pk": 39,
    "fields": {
        "title": "╨Я╨░╤Г╨║╨╕ ╨╛╤В╨║╤А╤Л╨╗╨╕ ╤Б╨┐╨╛╤А╤В╨╖╨░╨╗",
        "content": "╨Т ╨╗╨╡╤Б╤Г ╨Т╨╡╤Б╤В╨╝╨░╨╜╨╜╨░╤Н╨╣╤П╤А ╨┐╨░╤Г╨║╨╕ ╨╛╤В╨║╤А╤Л╨╗╨╕ ╤Б╨┐╨╛╤А╤В╨╖╨░╨╗. ╨Я╨╛╤Б╨╡╤В╨╕╤В╨╡╨╗╨╕ ╨┤╨╛╨▓╨╛╨╗╤М╨╜╤Л.",
        "publication_date": "2023-11-08T12:00:00Z",
        "views": 200,
        "category": 4,
        "slug": "39-pauki-otkryli-sportzal",
        "tags": [
            13,
            14,
            15,
            16
        ]
    }
},
{
    "model": "news.article",
    "pk": 40,
    "fields": {
        "title": "╨Ц╨░╨▒╤Л ╨╛╤В╨║╤А╤Л╨╗╨╕ ╨║╨░╤Д╨╡",
        "content": "╨Т ╨│╨╛╤А╨╛╨┤╨╡ ╨б╨╡╨╗╤В╤М╤П╨┤╨╜╨░╤А╨╜╨╡╤Б ╨╢╨░╨▒╤Л ╨╛╤В╨║╤А╤Л╨╗╨╕ ╨║╨░╤Д╨╡. ╨Я╨╛╤Б╨╡╤В╨╕╤В╨╡╨╗╨╕ ╨┤╨╛╨▓╨╛╨╗╤М╨╜╤Л.",
        "publication_date": "2023-11-09T12:00:00Z",
        "views": 230,
        "category": 5,
        "slug": "40-zhaby-otkryli-kafe",
        "tags": [
            1,
            2,
            3,
            4
        ]
    }
},
{
    "model": "news.article",
    "pk": 41,
    "fields": {
        "title": "╨г╤В╨║╨╕ ╨╛╤В╨║╤А╤Л╨╗╨╕ ╤Б╨░╨╗╨╛╨╜ ╨║╤А╨░╤Б╨╛╤В╤Л",
        "content": "╨Т ╨┐╨░╤А╨║╨╡ ╨е╨░╨▒╨╜╨░╤А╤Д╤М╨╛╤А╨┤╤О╤А ╤Г╤В╨║╨╕ ╨╛╤В╨║╤А╤Л╨╗╨╕ ╤Б╨░╨╗╨╛╨╜ ╨║╤А╨░╤Б╨╛╤В╤Л. ╨Ъ╨╗╨╕╨╡╨╜╤В╤Л ╨┤╨╛╨▓╨╛╨╗╤М╨╜╤Л.",
        "publication_date": "2023-11-10T12:00:00Z",
        "views": 250,
        "category": 6,
        "slug": "41-utki-otkryli-salon-krasoty",
        "tags": [
            5,
            6,
            7,
            8
        ]
    }
},
{
    "model": "news.article",
    "pk": 42,
    "fields": {
        "title": "╨У╤Г╤Б╨╕ ╨╛╤В╨║╤А╤Л╨╗╨╕ ╤Д╨╕╤В╨╜╨╡╤Б-╤Ж╨╡╨╜╤В╤А",
        "content": "╨Т ╨│╨╛╤А╨╛╨┤╨╡ ╨а╨╡╨╣╨║╤М╤П╨▓╨╕╨║ ╨│╤Г╤Б╨╕ ╨╛╤В╨║╤А╤Л╨╗╨╕ ╤Д╨╕╤В╨╜╨╡╤Б-╤Ж╨╡╨╜╤В╤А. ╨Я╨╛╤Б╨╡╤В╨╕╤В╨╡╨╗╨╕ ╨┤╨╛╨▓╨╛╨╗╤М╨╜╤Л.",
        "publication_date": "2023-11-11T12:00:00Z",
        "views": 220,
        "category": 7,
        "slug": "42-gusi-otkryli-fitnes-tsentr",
        "tags": [
            9,
            10,
            11,
            12
        ]
    }
},
{
    "model": "news.article",
    "pk": 43,
    "fields": {
        "title": "╨Ы╨╡╨▒╨╡╨┤╨╕ ╨╛╤В╨║╤А╤Л╨╗╨╕ ╤Б╨┐╨░-╤Б╨░╨╗╨╛╨╜",
        "content": "╨Т ╨╛╨╖╨╡╤А╨╡ ╨Р╨║╤Г╤А╨╡╨╣╤А╨╕ ╨╗╨╡╨▒╨╡╨┤╨╕ ╨╛╤В╨║╤А╤Л╨╗╨╕ ╤Б╨┐╨░-╤Б╨░╨╗╨╛╨╜. ╨Ъ╨╗╨╕╨╡╨╜╤В╤Л ╨┤╨╛╨▓╨╛╨╗╤М╨╜╤Л.",
        "publication_date": "2023-11-12T12:00:00Z",
        "views": 260,
        "category": 1,
        "slug": "43-lebedi-otkryli-spa-salon",
        "tags": [
            13,
            14,
            15,
            16
        ]
    }
},
{
    "model": "news.article",
    "pk": 44,
    "fields": {
        "title": "╨д╨╗╨░╨╝╨╕╨╜╨│╨╛ ╨╛╤В╨║╤А╤Л╨╗╨╕ ╤В╨░╨╜╤Ж╨╡╨▓╨░╨╗╤М╨╜╤Г╤О ╤Б╤В╤Г╨┤╨╕╤О",
        "content": "╨Т ╨┐╨░╤А╨║╨╡ ╨е╤С╨▓╤О╨┤╨▒╨╛╤А╨│╨░╤А╤Б╨▓╤С╨╣╤В╤О╤А ╤Д╨╗╨░╨╝╨╕╨╜╨│╨╛ ╨╛╤В╨║╤А╤Л╨╗╨╕ ╤В╨░╨╜╤Ж╨╡╨▓╨░╨╗╤М╨╜╤Г╤О ╤Б╤В╤Г╨┤╨╕╤О. ╨Я╨╛╤Б╨╡╤В╨╕╤В╨╡╨╗╨╕ ╨┤╨╛╨▓╨╛╨╗╤М╨╜╤Л.",
        "publication_date": "2023-11-13T12:00:00Z",
        "views": 200,
        "category": 2,
        "slug": "44-flamingo-otkryli-tantsevalnuyu-studiyu",
        "tags": [
            1,
            2,
            3,
            4
        ]
    }
},
{
    "model": "news.article",
    "pk": 45,
    "fields": {
        "title": "╨Я╨╡╨╗╨╕╨║╨░╨╜╤Л ╨╛╤В╨║╤А╤Л╨╗╨╕ ╨╣╨╛╨│╨░-╤Б╤В╤Г╨┤╨╕╤О",
        "content": "╨Т ╨│╨╛╤А╨╛╨┤╨╡ ╨Ъ╨╡╨▒╨╗╨░╨▓╨╕╨║ ╨┐╨╡╨╗╨╕╨║╨░╨╜╤Л ╨╛╤В╨║╤А╤Л╨╗╨╕ ╨╣╨╛╨│╨░-╤Б╤В╤Г╨┤╨╕╤О. ╨Я╨╛╤Б╨╡╤В╨╕╤В╨╡╨╗╨╕ ╨┤╨╛╨▓╨╛╨╗╤М╨╜╤Л.",
        "publication_date": "2023-11-14T12:00:00Z",
        "views": 230,
        "category": 3,
        "slug": "45-pelikany-otkryli-yoga-studiyu",
        "tags": [
            5,
            6,
            7,
            8
        ]
    }
},
{
    "model": "news.article",
    "pk": 46,
    "fields": {
        "title": "╨Р╨╕╤Б╤В╤Л ╨╛╤В╨║╤А╤Л╨╗╨╕ ╨┤╨╡╤В╤Б╨║╨╕╨╣ ╤Б╨░╨┤",
        "content": "╨Т ╨┤╨╡╤А╨╡╨▓╨╜╨╡ ╨Т╨╡╤Б╤В╨╝╨░╨╜╨╜╨░╤Н╨╣╤П╤А ╨░╨╕╤Б╤В╤Л ╨╛╤В╨║╤А╤Л╨╗╨╕ ╨┤╨╡╤В╤Б╨║╨╕╨╣ ╤Б╨░╨┤. ╨а╨╛╨┤╨╕╤В╨╡╨╗╨╕ ╨┤╨╛╨▓╨╛╨╗╤М╨╜╤Л.",
        "publication_date": "2023-11-15T12:00:00Z",
        "views": 250,
        "category": 4,
        "slug": "46-aisty-otkryli-detskiy-sad",
        "tags": [
            9,
            10,
            11,
            12
        ]
    }
},
{
    "model": "news.article",
    "pk": 47,
    "fields": {
        "title": "╨ж╨░╨┐╨╗╨╕ ╨╛╤В╨║╤А╤Л╨╗╨╕ ╤И╨║╨╛╨╗╤Г ╨╕╤Б╨║╤Г╤Б╤Б╤В╨▓",
        "content": "╨Т ╨│╨╛╤А╨╛╨┤╨╡ ╨б╨╡╨╗╤В╤М╤П╨┤╨╜╨░╤А╨╜╨╡╤Б ╤Ж╨░╨┐╨╗╨╕ ╨╛╤В╨║╤А╤Л╨╗╨╕ ╤И╨║╨╛╨╗╤Г ╨╕╤Б╨║╤Г╤Б╤Б╤В╨▓. ╨г╤З╨╡╨╜╨╕╨║╨╕ ╨┤╨╛╨▓╨╛╨╗╤М╨╜╤Л.",
        "publication_date": "2023-11-16T12:00:00Z",
        "views": 220,
        "category": 5,
        "slug": "47-tsapli-otkryli-shkolu-iskusstv",
        "tags": [
            13,
            14,
            15,
            16
        ]
    }
},
{
    "model": "news.article",
    "pk": 48,
    "fields": {
        "title": "╨Ш╨▒╨╕╤Б╤Л ╨╛╤В╨║╤А╤Л╨╗╨╕ ╨╝╤Г╨╖╤Л╨║╨░╨╗╤М╨╜╤Г╤О ╤И╨║╨╛╨╗╤Г",
        "content": "╨Т ╨┐╨░╤А╨║╨╡ ╨е╨░╨▒╨╜╨░╤А╤Д╤М╨╛╤А╨┤╤О╤А ╨╕╨▒╨╕╤Б╤Л ╨╛╤В╨║╤А╤Л╨╗╨╕ ╨╝╤Г╨╖╤Л╨║╨░╨╗╤М╨╜╤Г╤О ╤И╨║╨╛╨╗╤Г. ╨г╤З╨╡╨╜╨╕╨║╨╕ ╨┤╨╛╨▓╨╛╨╗╤М╨╜╤Л.",
        "publication_date": "2023-11-17T12:00:00Z",
        "views": 260,
        "category": 6,
        "slug": "48-ibisy-otkryli-muzykalnuyu-shkolu",
        "tags": [
            1,
            2,
            3,
            4
        ]
    }
},
{
    "model": "news.article",
    "pk": 49,
    "fields": {
        "title": "╨б╨╛╨▓╤Л ╨╛╤В╨║╤А╤Л╨╗╨╕ ╨▒╨╕╨▒╨╗╨╕╨╛╤В╨╡╨║╤Г",
        "content": "╨Т ╨╗╨╡╤Б╤Г ╨а╨╡╨╣╨║╤М╤П╨▓╨╕╨║ ╤Б╨╛╨▓╤Л ╨╛╤В╨║╤А╤Л╨╗╨╕ ╨▒╨╕╨▒╨╗╨╕╨╛╤В╨╡╨║╤Г. ╨з╨╕╤В╨░╤В╨╡╨╗╨╕ ╨┤╨╛╨▓╨╛╨╗╤М╨╜╤Л.",
        "publication_date": "2023-11-18T12:00:00Z",
        "views": 210,
        "category": 7,
        "slug": "49-sovy-otkryli-biblioteku",
        "tags": [
            5,
            6,
            7,
            8
        ]
    }
},
{
    "model": "news.article",
    "pk": 50,
    "fields": {
        "title": "╨Ю╨╗╨╡╨╜╨╕ ╨╛╤В╨║╤А╤Л╨╗╨╕ ╤А╨╡╤Б╤В╨╛╤А╨░╨╜",
        "content": "╨Т ╨│╨╛╤А╨╛╨┤╨╡ ╨Р╨║╤Г╤А╨╡╨╣╤А╨╕ ╨╛╨╗╨╡╨╜╨╕ ╨╛╤В╨║╤А╤Л╨╗╨╕ ╤А╨╡╤Б╤В╨╛╤А╨░╨╜. ╨Я╨╛╤Б╨╡╤В╨╕╤В╨╡╨╗╨╕ ╨┤╨╛╨▓╨╛╨╗╤М╨╜╤Л.",
        "publication_date": "2023-11-19T12:00:00Z",
        "views": 240,
        "category": 1,
        "slug": "50-oleni-otkryli-restoran",
        "tags": [
            9,
            10,
            11,
            12
        ]
    }
},
{
    "model": "news.article",
    "pk": 51,
    "fields": {
        "title": "╨Ы╨╛╤Б╨╕ ╨╛╤В╨║╤А╤Л╨╗╨╕ ╨║╨░╤Д╨╡",
        "content": "╨Т ╨╗╨╡╤Б╤Г ╨е╤С╨▓╤О╨┤╨▒╨╛╤А╨│╨░╤А╤Б╨▓╤С╨╣╤В╤О╤А ╨╗╨╛╤Б╨╕ ╨╛╤В╨║╤А╤Л╨╗╨╕ ╨║╨░╤Д╨╡. ╨Я╨╛╤Б╨╡╤В╨╕╤В╨╡╨╗╨╕ ╨┤╨╛╨▓╨╛╨╗╤М╨╜╤Л.",
        "publication_date": "2023-11-20T12:00:00Z",
        "views": 270,
        "category": 2,
        "slug": "51-losi-otkryli-kafe",
        "tags": [
            13,
            14,
            15,
            16
        ]
    }
},
{
    "model": "news.article",
    "pk": 52,
    "fields": {
        "title": "╨Т╨╛╨╗╨║╨╕ ╨╛╤В╨║╤А╤Л╨╗╨╕ ╤Б╨┐╨╛╤А╤В╨╖╨░╨╗",
        "content": "╨Т ╨│╨╛╤А╨╛╨┤╨╡ ╨Ъ╨╡╨▒╨╗╨░╨▓╨╕╨║ ╨▓╨╛╨╗╨║╨╕ ╨╛╤В╨║╤А╤Л╨╗╨╕ ╤Б╨┐╨╛╤А╤В╨╖╨░╨╗. ╨Я╨╛╤Б╨╡╤В╨╕╤В╨╡╨╗╨╕ ╨┤╨╛╨▓╨╛╨╗╤М╨╜╤Л.",
        "publication_date": "2023-11-21T12:00:00Z",
        "views": 200,
        "category": 3,
        "slug": "52-volki-otkryli-sportzal",
        "tags": [
            1,
            2,
            3,
            4
        ]
    }
},
{
    "model": "news.article",
    "pk": 53,
    "fields": {
        "title": "╨Ы╨╕╤Б╤Л ╨╛╤В╨║╤А╤Л╨╗╨╕ ╨╝╤Г╨╖╨╡╨╣",
        "content": "╨Т ╨┤╨╡╤А╨╡╨▓╨╜╨╡ ╨Т╨╡╤Б╤В╨╝╨░╨╜╨╜╨░╤Н╨╣╤П╤А ╨╗╨╕╤Б╤Л ╨╛╤В╨║╤А╤Л╨╗╨╕ ╨╝╤Г╨╖╨╡╨╣. ╨Я╨╛╤Б╨╡╤В╨╕╤В╨╡╨╗╨╕ ╨┤╨╛╨▓╨╛╨╗╤М╨╜╤Л.",
        "publication_date": "2023-11-22T12:00:00Z",
        "views": 230,
        "category": 4,
        "slug": "53-lisy-otkryli-muzey",
        "tags": [
            5,
            6,
            7,
            8
        ]
    }
},
{
    "model": "news.article",
    "pk": 54,
    "fields": {
        "title": "╨С╨╡╨╗╨║╨╕ ╨╛╤В╨║╤А╤Л╨╗╨╕ ╨╝╨░╨│╨░╨╖╨╕╨╜",
        "content": "╨Т ╨┐╨░╤А╨║╨╡ ╨б╨╡╨╗╤В╤М╤П╨┤╨╜╨░╤А╨╜╨╡╤Б ╨▒╨╡╨╗╨║╨╕ ╨╛╤В╨║╤А╤Л╨╗╨╕ ╨╝╨░╨│╨░╨╖╨╕╨╜. ╨Я╨╛╨║╤Г╨┐╨░╤В╨╡╨╗╨╕ ╨┤╨╛╨▓╨╛╨╗╤М╨╜╤Л.",
        "publication_date": "2023-11-23T12:00:00Z",
        "views": 250,
        "category": 5,
        "slug": "54-belki-otkryli-magazin",
        "tags": [
            9,
            10,
            11,
            12
        ]
    }
},
{
    "model": "news.article",
    "pk": 55,
    "fields": {
        "title": "╨Ч╨░╨╣╤Ж╤Л ╨╛╤В╨║╤А╤Л╨╗╨╕ ╨▒╨╕╨▒╨╗╨╕╨╛╤В╨╡╨║╤Г",
        "content": "╨Т ╨╗╨╡╤Б╤Г ╨е╨░╨▒╨╜╨░╤А╤Д╤М╨╛╤А╨┤╤О╤А ╨╖╨░╨╣╤Ж╤Л ╨╛╤В╨║╤А╤Л╨╗╨╕ ╨▒╨╕╨▒╨╗╨╕╨╛╤В╨╡╨║╤Г. ╨з╨╕╤В╨░╤В╨╡╨╗╨╕ ╨┤╨╛╨▓╨╛╨╗╤М╨╜╤Л.",
        "publication_date": "2023-11-24T12:00:00Z",
        "views": 220,
        "category": 6,
        "slug": "55-zaytsy-otkryli-biblioteku",
        "tags": [
            13,
            14,
            15,
            16
        ]
    }
},
{
    "model": "news.article",
    "pk": 56,
    "fields": {
        "title": "╨Х╨╢╨╕╨║╨╕ ╨╛╤В╨║╤А╤Л╨╗╨╕ ╨╝╤Г╨╖╨╡╨╣",
        "content": "╨Т ╨│╨╛╤А╨╛╨┤╨╡ ╨а╨╡╨╣╨║╤М╤П╨▓╨╕╨║ ╨╡╨╢╨╕╨║╨╕ ╨╛╤В╨║╤А╤Л╨╗╨╕ ╨╝╤Г╨╖╨╡╨╣. ╨Я╨╛╤Б╨╡╤В╨╕╤В╨╡╨╗╨╕ ╨┤╨╛╨▓╨╛╨╗╤М╨╜╤Л.",
        "publication_date": "2023-11-25T12:00:00Z",
        "views": 260,
        "category": 7,
        "slug": "56-ezhiki-otkryli-muzey",
        "tags": [
            1,
            2,
            3,
            4
        ]
    }
},
{
    "model": "news.article",
    "pk": 57,
    "fields": {
        "title": "╨Ъ╤А╨╛╤В╤Л ╨╛╤В╨║╤А╤Л╨╗╨╕ ╤А╨╡╤Б╤В╨╛╤А╨░╨╜",
        "content": "╨Т ╨╗╨╡╤Б╤Г ╨Р╨║╤Г╤А╨╡╨╣╤А╨╕ ╨║╤А╨╛╤В╤Л ╨╛╤В╨║╤А╤Л╨╗╨╕ ╤А╨╡╤Б╤В╨╛╤А╨░╨╜. ╨Я╨╛╤Б╨╡╤В╨╕╤В╨╡╨╗╨╕ ╨┤╨╛╨▓╨╛╨╗╤М╨╜╤Л.",
        "publication_date": "2023-11-26T12:00:00Z",
        "views": 210,
        "category": 1,
        "slug": "57-kroty-otkryli-restoran",
        "tags": [
            5,
            6,
            7,
            8
        ]
    }
},
{
    "model": "news.article",
    "pk": 58,
    "fields": {
        "title": "╨Ы╨╡╤В╤Г╤З╨╕╨╡ ╨╝╤Л╤И╨╕ ╨╛╤В╨║╤А╤Л╨╗╨╕ ╨║╨╕╨╜╨╛╤В╨╡╨░╤В╤А",
        "content": "╨Т ╨│╨╛╤А╨╛╨┤╨╡ ╨е╤С╨▓╤О╨┤╨▒╨╛╤А╨│╨░╤А╤Б╨▓╤С╨╣╤В╤О╤А ╨╗╨╡╤В╤Г╤З╨╕╨╡ ╨╝╤Л╤И╨╕ ╨╛╤В╨║╤А╤Л╨╗╨╕ ╨║╨╕╨╜╨╛╤В╨╡╨░╤В╤А. ╨Ч╤А╨╕╤В╨╡╨╗╨╕ ╨┤╨╛╨▓╨╛╨╗╤М╨╜╤Л.",
        "publication_date": "2023-11-27T12:00:00Z",
        "views": 240,
        "category": 2,
        "slug": "58-letuchie-myshi-otkryli-kinoteatr",
        "tags": [
            9,
            10,
            11,
            12
        ]
    }
},
{
    "model": "news.article",
    "pk": 59,
    "fields": {
        "title": "╨Я╨░╤Г╨║╨╕ ╨╛╤В╨║╤А╤Л╨╗╨╕ ╤Б╨┐╨╛╤А╤В╨╖╨░╨╗",
        "content": "╨Т ╨╗╨╡╤Б╤Г ╨Т╨╡╤Б╤В╨╝╨░╨╜╨╜╨░╤Н╨╣╤П╤А ╨┐╨░╤Г╨║╨╕ ╨╛╤В╨║╤А╤Л╨╗╨╕ ╤Б╨┐╨╛╤А╤В╨╖╨░╨╗. ╨Я╨╛╤Б╨╡╤В╨╕╤В╨╡╨╗╨╕ ╨┤╨╛╨▓╨╛╨╗╤М╨╜╤Л.",
        "publication_date": "2023-11-28T12:00:00Z",
        "views": 270,
        "category": 3,
        "slug": "59-pauki-otkryli-sportzal",
        "tags": [
            13,
            14,
            15,
            16
        ]
    }
},
{
    "model": "news.article",
    "pk": 60,
    "fields": {
        "title": "╨Ц╨░╨▒╤Л ╨╛╤В╨║╤А╤Л╨╗╨╕ ╨║╨░╤Д╨╡",
        "content": "╨Т ╨│╨╛╤А╨╛╨┤╨╡ ╨б╨╡╨╗╤В╤М╤П╨┤╨╜╨░╤А╨╜╨╡╤Б ╨╢╨░╨▒╤Л ╨╛╤В╨║╤А╤Л╨╗╨╕ ╨║╨░╤Д╨╡. ╨Я╨╛╤Б╨╡╤В╨╕╤В╨╡╨╗╨╕ ╨┤╨╛╨▓╨╛╨╗╤М╨╜╤Л.",
        "publication_date": "2023-11-29T12:00:00Z",
        "views": 200,
        "category": 4,
        "slug": "60-zhaby-otkryli-kafe",
        "tags": [
            1,
            2,
            3,
            4
        ]
    }
},
{
    "model": "news.article",
    "pk": 61,
    "fields": {
        "title": "╨г╤В╨║╨╕ ╨╛╤В╨║╤А╤Л╨╗╨╕ ╤Б╨░╨╗╨╛╨╜ ╨║╤А╨░╤Б╨╛╤В╤Л",
        "content": "╨Т ╨┐╨░╤А╨║╨╡ ╨е╨░╨▒╨╜╨░╤А╤Д╤М╨╛╤А╨┤╤О╤А ╤Г╤В╨║╨╕ ╨╛╤В╨║╤А╤Л╨╗╨╕ ╤Б╨░╨╗╨╛╨╜ ╨║╤А╨░╤Б╨╛╤В╤Л. ╨Ъ╨╗╨╕╨╡╨╜╤В╤Л ╨┤╨╛╨▓╨╛╨╗╤М╨╜╤Л.",
        "publication_date": "2023-11-30T12:00:00Z",
        "views": 230,
        "category": 5,
        "slug": "61-utki-otkryli-salon-krasoty",
        "tags": [
            5,
            6,
            7,
            8
        ]
    }
},
{
    "model": "news.article",
    "pk": 62,
    "fields": {
        "title": "╨У╤Г╤Б╨╕ ╨╛╤В╨║╤А╤Л╨╗╨╕ ╤Д╨╕╤В╨╜╨╡╤Б-╤Ж╨╡╨╜╤В╤А",
        "content": "╨Т ╨│╨╛╤А╨╛╨┤╨╡ ╨а╨╡╨╣╨║╤М╤П╨▓╨╕╨║ ╨│╤Г╤Б╨╕ ╨╛╤В╨║╤А╤Л╨╗╨╕ ╤Д╨╕╤В╨╜╨╡╤Б-╤Ж╨╡╨╜╤В╤А. ╨Я╨╛╤Б╨╡╤В╨╕╤В╨╡╨╗╨╕ ╨┤╨╛╨▓╨╛╨╗╤М╨╜╤Л.",
        "publication_date": "2023-12-01T12:00:00Z",
        "views": 250,
        "category": 6,
        "slug": "62-gusi-otkryli-fitnes-tsentr",
        "tags": [
            9,
            10,
            11,
            12
        ]
    }
},
{
    "model": "news.article",
    "pk": 63,
    "fields": {
        "title": "╨Ы╨╡╨▒╨╡╨┤╨╕ ╨╛╤В╨║╤А╤Л╨╗╨╕ ╤Б╨┐╨░-╤Б╨░╨╗╨╛╨╜",
        "content": "╨Т ╨╛╨╖╨╡╤А╨╡ ╨Р╨║╤Г╤А╨╡╨╣╤А╨╕ ╨╗╨╡╨▒╨╡╨┤╨╕ ╨╛╤В╨║╤А╤Л╨╗╨╕ ╤Б╨┐╨░-╤Б╨░╨╗╨╛╨╜. ╨Ъ╨╗╨╕╨╡╨╜╤В╤Л ╨┤╨╛╨▓╨╛╨╗╤М╨╜╤Л.",
        "publication_date": "2023-12-02T12:00:00Z",
        "views": 220,
        "category": 7,
        "slug": "63-lebedi-otkryli-spa-salon",
        "tags": [
            13,
            14,
            15,
            16
        ]
    }
},
{
    "model": "news.article",
    "pk": 64,
    "fields": {
        "title": "╨д╨╗╨░╨╝╨╕╨╜╨│╨╛ ╨╛╤В╨║╤А╤Л╨╗╨╕ ╤В╨░╨╜╤Ж╨╡╨▓╨░╨╗╤М╨╜╤Г╤О ╤Б╤В╤Г╨┤╨╕╤О",
        "content": "╨Т ╨┐╨░╤А╨║╨╡ ╨е╤С╨▓╤О╨┤╨▒╨╛╤А╨│╨░╤А╤Б╨▓╤С╨╣╤В╤О╤А ╤Д╨╗╨░╨╝╨╕╨╜╨│╨╛ ╨╛╤В╨║╤А╤Л╨╗╨╕ ╤В╨░╨╜╤Ж╨╡╨▓╨░╨╗╤М╨╜╤Г╤О ╤Б╤В╤Г╨┤╨╕╤О. ╨Я╨╛╤Б╨╡╤В╨╕╤В╨╡╨╗╨╕ ╨┤╨╛╨▓╨╛╨╗╤М╨╜╤Л.",
        "publication_date": "2023-12-03T12:00:00Z",
        "views": 260,
        "category": 1,
        "slug": "64-flamingo-otkryli-tantsevalnuyu-studiyu",
        "tags": [
            1,
            2,
            3,
            4
        ]
    }
},
{
    "model": "news.article",
    "pk": 65,
    "fields": {
        "title": "╨Я╨╡╨╗╨╕╨║╨░╨╜╤Л ╨╛╤В╨║╤А╤Л╨╗╨╕ ╨╣╨╛╨│╨░-╤Б╤В╤Г╨┤╨╕╤О",
        "content": "╨Т ╨│╨╛╤А╨╛╨┤╨╡ ╨Ъ╨╡╨▒╨╗╨░╨▓╨╕╨║ ╨┐╨╡╨╗╨╕╨║╨░╨╜╤Л ╨╛╤В╨║╤А╤Л╨╗╨╕ ╨╣╨╛╨│╨░-╤Б╤В╤Г╨┤╨╕╤О. ╨Я╨╛╤Б╨╡╤В╨╕╤В╨╡╨╗╨╕ ╨┤╨╛╨▓╨╛╨╗╤М╨╜╤Л.",
        "publication_date": "2023-12-04T12:00:00Z",
        "views": 210,
        "category": 2,
        "slug": "65-pelikany-otkryli-yoga-studiyu",
        "tags": [
            5,
            6,
            7,
            8
        ]
    }
},
{
    "model": "news.article",
    "pk": 66,
    "fields": {
        "title": "╨Р╨╕╤Б╤В╤Л ╨╛╤В╨║╤А╤Л╨╗╨╕ ╨┤╨╡╤В╤Б╨║╨╕╨╣ ╤Б╨░╨┤",
        "content": "╨Т ╨┤╨╡╤А╨╡╨▓╨╜╨╡ ╨Т╨╡╤Б╤В╨╝╨░╨╜╨╜╨░╤Н╨╣╤П╤А ╨░╨╕╤Б╤В╤Л ╨╛╤В╨║╤А╤Л╨╗╨╕ ╨┤╨╡╤В╤Б╨║╨╕╨╣ ╤Б╨░╨┤. ╨а╨╛╨┤╨╕╤В╨╡╨╗╨╕ ╨┤╨╛╨▓╨╛╨╗╤М╨╜╤Л.",
        "publication_date": "2023-12-05T12:00:00Z",
        "views": 240,
        "category": 3,
        "slug": "66-aisty-otkryli-detskiy-sad",
        "tags": [
            9,
            10,
            11,
            12
        ]
    }
},
{
    "model": "news.article",
    "pk": 67,
    "fields": {
        "title": "╨ж╨░╨┐╨╗╨╕ ╨╛╤В╨║╤А╤Л╨╗╨╕ ╤И╨║╨╛╨╗╤Г ╨╕╤Б╨║╤Г╤Б╤Б╤В╨▓",
        "content": "╨Т ╨│╨╛╤А╨╛╨┤╨╡ ╨б╨╡╨╗╤В╤М╤П╨┤╨╜╨░╤А╨╜╨╡╤Б ╤Ж╨░╨┐╨╗╨╕ ╨╛╤В╨║╤А╤Л╨╗╨╕ ╤И╨║╨╛╨╗╤Г ╨╕╤Б╨║╤Г╤Б╤Б╤В╨▓. ╨г╤З╨╡╨╜╨╕╨║╨╕ ╨┤╨╛╨▓╨╛╨╗╤М╨╜╤Л.",
        "publication_date": "2023-12-06T12:00:00Z",
        "views": 270,
        "category": 4,
        "slug": "67-tsapli-otkryli-shkolu-iskusstv",
        "tags": [
            13,
            14,
            15,
            16
        ]
    }
},
{
    "model": "news.article",
    "pk": 68,
    "fields": {
        "title": "╨Ш╨▒╨╕╤Б╤Л ╨╛╤В╨║╤А╤Л╨╗╨╕ ╨╝╤Г╨╖╤Л╨║╨░╨╗╤М╨╜╤Г╤О ╤И╨║╨╛╨╗╤Г",
        "content": "╨Т ╨┐╨░╤А╨║╨╡ ╨е╨░╨▒╨╜╨░╤А╤Д╤М╨╛╤А╨┤╤О╤А ╨╕╨▒╨╕╤Б╤Л ╨╛╤В╨║╤А╤Л╨╗╨╕ ╨╝╤Г╨╖╤Л╨║╨░╨╗╤М╨╜╤Г╤О ╤И╨║╨╛╨╗╤Г. ╨г╤З╨╡╨╜╨╕╨║╨╕ ╨┤╨╛╨▓╨╛╨╗╤М╨╜╤Л.",
        "publication_date": "2023-12-07T12:00:00Z",
        "views": 200,
        "category": 5,
        "slug": "68-ibisy-otkryli-muzykalnuyu-shkolu",
        "tags": [
            1,
            2,
            3,
            4
        ]
    }
},
{
    "model": "news.article",
    "pk": 69,
    "fields": {
        "title": "╨б╨╛╨▓╤Л ╨╛╤В╨║╤А╤Л╨╗╨╕ ╨▒╨╕╨▒╨╗╨╕╨╛╤В╨╡╨║╤Г",
        "content": "╨Т ╨╗╨╡╤Б╤Г ╨а╨╡╨╣╨║╤М╤П╨▓╨╕╨║ ╤Б╨╛╨▓╤Л ╨╛╤В╨║╤А╤Л╨╗╨╕ ╨▒╨╕╨▒╨╗╨╕╨╛╤В╨╡╨║╤Г. ╨з╨╕╤В╨░╤В╨╡╨╗╨╕ ╨┤╨╛╨▓╨╛╨╗╤М╨╜╤Л.",
        "publication_date": "2023-12-08T12:00:00Z",
        "views": 230,
        "category": 6,
        "slug": "69-sovy-otkryli-biblioteku",
        "tags": [
            5,
            6,
            7,
            8
        ]
    }
},
{
    "model": "news.article",
    "pk": 70,
    "fields": {
        "title": "╨Ю╨╗╨╡╨╜╨╕ ╨╛╤В╨║╤А╤Л╨╗╨╕ ╤А╨╡╤Б╤В╨╛╤А╨░╨╜",
        "content": "╨Т ╨│╨╛╤А╨╛╨┤╨╡ ╨Р╨║╤Г╤А╨╡╨╣╤А╨╕ ╨╛╨╗╨╡╨╜╨╕ ╨╛╤В╨║╤А╤Л╨╗╨╕ ╤А╨╡╤Б╤В╨╛╤А╨░╨╜. ╨Я╨╛╤Б╨╡╤В╨╕╤В╨╡╨╗╨╕ ╨┤╨╛╨▓╨╛╨╗╤М╨╜╤Л.",
        "publication_date": "2023-12-09T12:00:00Z",
        "views": 250,
        "category": 7,
        "slug": "70-oleni-otkryli-restoran",
        "tags": [
            9,
            10,
            11,
            12
        ]
    }
},
{
    "model": "news.article",
    "pk": 71,
    "fields": {
        "title": "╨Ы╨╛╤Б╨╕ ╨╛╤В╨║╤А╤Л╨╗╨╕ ╨║╨░╤Д╨╡",
        "content": "╨Т ╨╗╨╡╤Б╤Г ╨е╤С╨▓╤О╨┤╨▒╨╛╤А╨│╨░╤А╤Б╨▓╤С╨╣╤В╤О╤А ╨╗╨╛╤Б╨╕ ╨╛╤В╨║╤А╤Л╨╗╨╕ ╨║╨░╤Д╨╡. ╨Я╨╛╤Б╨╡╤В╨╕╤В╨╡╨╗╨╕ ╨┤╨╛╨▓╨╛╨╗╤М╨╜╤Л.",
        "publication_date": "2023-12-10T12:00:00Z",
        "views": 220,
        "category": 1,
        "slug": "71-losi-otkryli-kafe",
        "tags": [
            13,
            14,
            15,
            16
        ]
    }
},
{
    "model": "news.article",
    "pk": 72,
    "fields": {
        "title": "╨Т╨╛╨╗╨║╨╕ ╨╛╤В╨║╤А╤Л╨╗╨╕ ╤Б╨┐╨╛╤А╤В╨╖╨░╨╗",
        "content": "╨Т ╨│╨╛╤А╨╛╨┤╨╡ ╨Ъ╨╡╨▒╨╗╨░╨▓╨╕╨║ ╨▓╨╛╨╗╨║╨╕ ╨╛╤В╨║╤А╤Л╨╗╨╕ ╤Б╨┐╨╛╤А╤В╨╖╨░╨╗. ╨Я╨╛╤Б╨╡╤В╨╕╤В╨╡╨╗╨╕ ╨┤╨╛╨▓╨╛╨╗╤М╨╜╤Л.",
        "publication_date": "2023-12-11T12:00:00Z",
        "views": 260,
        "category": 2,
        "slug": "72-volki-otkryli-sportzal",
        "tags": [
            1,
            2,
            3,
            4
        ]
    }
},
{
    "model": "news.article",
    "pk": 73,
    "fields": {
        "title": "╨Ы╨╕╤Б╤Л ╨╛╤В╨║╤А╤Л╨╗╨╕ ╨╝╤Г╨╖╨╡╨╣",
        "content": "╨Т ╨┤╨╡╤А╨╡╨▓╨╜╨╡ ╨Т╨╡╤Б╤В╨╝╨░╨╜╨╜╨░╤Н╨╣╤П╤А ╨╗╨╕╤Б╤Л ╨╛╤В╨║╤А╤Л╨╗╨╕ ╨╝╤Г╨╖╨╡╨╣. ╨Я╨╛╤Б╨╡╤В╨╕╤В╨╡╨╗╨╕ ╨┤╨╛╨▓╨╛╨╗╤М╨╜╤Л.",
        "publication_date": "2023-12-12T12:00:00Z",
        "views": 210,
        "category": 3,
        "slug": "73-lisy-otkryli-muzey",
        "tags": [
            5,
            6,
            7,
            8
        ]
    }
},
{
    "model": "news.article",
    "pk": 74,
    "fields": {
        "title": "╨С╨╡╨╗╨║╨╕ ╨╛╤В╨║╤А╤Л╨╗╨╕ ╨╝╨░╨│╨░╨╖╨╕╨╜",
        "content": "╨Т ╨┐╨░╤А╨║╨╡ ╨б╨╡╨╗╤В╤М╤П╨┤╨╜╨░╤А╨╜╨╡╤Б ╨▒╨╡╨╗╨║╨╕ ╨╛╤В╨║╤А╤Л╨╗╨╕ ╨╝╨░╨│╨░╨╖╨╕╨╜. ╨Я╨╛╨║╤Г╨┐╨░╤В╨╡╨╗╨╕ ╨┤╨╛╨▓╨╛╨╗╤М╨╜╤Л.",
        "publication_date": "2023-12-13T12:00:00Z",
        "views": 240,
        "category": 4,
        "slug": "74-belki-otkryli-magazin",
        "tags": [
            9,
            10,
            11,
            12
        ]
    }
},
{
    "model": "news.article",
    "pk": 75,
    "fields": {
        "title": "╨Ч╨░╨╣╤Ж╤Л ╨╛╤В╨║╤А╤Л╨╗╨╕ ╨▒╨╕╨▒╨╗╨╕╨╛╤В╨╡╨║╤Г",
        "content": "╨Т ╨╗╨╡╤Б╤Г ╨е╨░╨▒╨╜╨░╤А╤Д╤М╨╛╤А╨┤╤О╤А ╨╖╨░╨╣╤Ж╤Л ╨╛╤В╨║╤А╤Л╨╗╨╕ ╨▒╨╕╨▒╨╗╨╕╨╛╤В╨╡╨║╤Г. ╨з╨╕╤В╨░╤В╨╡╨╗╨╕ ╨┤╨╛╨▓╨╛╨╗╤М╨╜╤Л.",
        "publication_date": "2023-12-14T12:00:00Z",
        "views": 270,
        "category": 5,
        "slug": "75-zaytsy-otkryli-biblioteku",
        "tags": [
            13,
            14,
            15,
            16
        ]
    }
},
{
    "model": "news.article",
    "pk": 76,
    "fields": {
        "title": "╨Х╨╢╨╕╨║╨╕ ╨╛╤В╨║╤А╤Л╨╗╨╕ ╨╝╤Г╨╖╨╡╨╣",
        "content": "╨Т ╨│╨╛╤А╨╛╨┤╨╡ ╨а╨╡╨╣╨║╤М╤П╨▓╨╕╨║ ╨╡╨╢╨╕╨║╨╕ ╨╛╤В╨║╤А╤Л╨╗╨╕ ╨╝╤Г╨╖╨╡╨╣. ╨Я╨╛╤Б╨╡╤В╨╕╤В╨╡╨╗╨╕ ╨┤╨╛╨▓╨╛╨╗╤М╨╜╤Л.",
        "publication_date": "2023-12-15T12:00:00Z",
        "views": 200,
        "category": 6,
        "slug": "76-ezhiki-otkryli-muzey",
        "tags": [
            1,
            2,
            3,
            4
        ]
    }
},
{
    "model": "news.article",
    "pk": 77,
    "fields": {
        "title": "╨Ъ╤А╨╛╤В╤Л ╨╛╤В╨║╤А╤Л╨╗╨╕ ╤А╨╡╤Б╤В╨╛╤А╨░╨╜",
        "content": "╨Т ╨╗╨╡╤Б╤Г ╨Р╨║╤Г╤А╨╡╨╣╤А╨╕ ╨║╤А╨╛╤В╤Л ╨╛╤В╨║╤А╤Л╨╗╨╕ ╤А╨╡╤Б╤В╨╛╤А╨░╨╜. ╨Я╨╛╤Б╨╡╤В╨╕╤В╨╡╨╗╨╕ ╨┤╨╛╨▓╨╛╨╗╤М╨╜╤Л.",
        "publication_date": "2023-12-16T12:00:00Z",
        "views": 230,
        "category": 7,
        "slug": "77-kroty-otkryli-restoran",
        "tags": [
            5,
            6,
            7,
            8
        ]
    }
},
{
    "model": "news.article",
    "pk": 78,
    "fields": {
        "title": "╨Ы╨╡╤В╤Г╤З╨╕╨╡ ╨╝╤Л╤И╨╕ ╨╛╤В╨║╤А╤Л╨╗╨╕ ╨║╨╕╨╜╨╛╤В╨╡╨░╤В╤А",
        "content": "╨Т ╨│╨╛╤А╨╛╨┤╨╡ ╨е╤С╨▓╤О╨┤╨▒╨╛╤А╨│╨░╤А╤Б╨▓╤С╨╣╤В╤О╤А ╨╗╨╡╤В╤Г╤З╨╕╨╡ ╨╝╤Л╤И╨╕ ╨╛╤В╨║╤А╤Л╨╗╨╕ ╨║╨╕╨╜╨╛╤В╨╡╨░╤В╤А. ╨Ч╤А╨╕╤В╨╡╨╗╨╕ ╨┤╨╛╨▓╨╛╨╗╤М╨╜╤Л.",
        "publication_date": "2023-12-17T12:00:00Z",
        "views": 250,
        "category": 1,
        "slug": "78-letuchie-myshi-otkryli-kinoteatr",
        "tags": [
            9,
            10,
            11,
            12
        ]
    }
},
{
    "model": "news.article",
    "pk": 79,
    "fields": {
        "title": "╨Я╨░╤Г╨║╨╕ ╨╛╤В╨║╤А╤Л╨╗╨╕ ╤Б╨┐╨╛╤А╤В╨╖╨░╨╗",
        "content": "╨Т ╨╗╨╡╤Б╤Г ╨Т╨╡╤Б╤В╨╝╨░╨╜╨╜╨░╤Н╨╣╤П╤А ╨┐╨░╤Г╨║╨╕ ╨╛╤В╨║╤А╤Л╨╗╨╕ ╤Б╨┐╨╛╤А╤В╨╖╨░╨╗. ╨Я╨╛╤Б╨╡╤В╨╕╤В╨╡╨╗╨╕ ╨┤╨╛╨▓╨╛╨╗╤М╨╜╤Л.",
        "publication_date": "2023-12-18T12:00:00Z",
        "views": 220,
        "category": 2,
        "slug": "79-pauki-otkryli-sportzal",
        "tags": [
            13,
            14,
            15,
            16
        ]
    }
},
{
    "model": "news.article",
    "pk": 80,
    "fields": {
        "title": "╨Ц╨░╨▒╤Л ╨╛╤В╨║╤А╤Л╨╗╨╕ ╨║╨░╤Д╨╡",
        "content": "╨Т ╨│╨╛╤А╨╛╨┤╨╡ ╨б╨╡╨╗╤В╤М╤П╨┤╨╜╨░╤А╨╜╨╡╤Б ╨╢╨░╨▒╤Л ╨╛╤В╨║╤А╤Л╨╗╨╕ ╨║╨░╤Д╨╡. ╨Я╨╛╤Б╨╡╤В╨╕╤В╨╡╨╗╨╕ ╨┤╨╛╨▓╨╛╨╗╤М╨╜╤Л.",
        "publication_date": "2023-12-19T12:00:00Z",
        "views": 260,
        "category": 3,
        "slug": "80-zhaby-otkryli-kafe",
        "tags": [
            1,
            2,
            3,
            4
        ]
    }
},
{
    "model": "news.article",
    "pk": 81,
    "fields": {
        "title": "╨г╤В╨║╨╕ ╨╛╤В╨║╤А╤Л╨╗╨╕ ╤Б╨░╨╗╨╛╨╜ ╨║╤А╨░╤Б╨╛╤В╤Л",
        "content": "╨Т ╨┐╨░╤А╨║╨╡ ╨е╨░╨▒╨╜╨░╤А╤Д╤М╨╛╤А╨┤╤О╤А ╤Г╤В╨║╨╕ ╨╛╤В╨║╤А╤Л╨╗╨╕ ╤Б╨░╨╗╨╛╨╜ ╨║╤А╨░╤Б╨╛╤В╤Л. ╨Ъ╨╗╨╕╨╡╨╜╤В╤Л ╨┤╨╛╨▓╨╛╨╗╤М╨╜╤Л.",
        "publication_date": "2023-12-20T12:00:00Z",
        "views": 210,
        "category": 4,
        "slug": "81-utki-otkryli-salon-krasoty",
        "tags": [
            5,
            6,
            7,
            8
        ]
    }
},
{
    "model": "news.article",
    "pk": 82,
    "fields": {
        "title": "╨У╤Г╤Б╨╕ ╨╛╤В╨║╤А╤Л╨╗╨╕ ╤Д╨╕╤В╨╜╨╡╤Б-╤Ж╨╡╨╜╤В╤А",
        "content": "╨Т ╨│╨╛╤А╨╛╨┤╨╡ ╨а╨╡╨╣╨║╤М╤П╨▓╨╕╨║ ╨│╤Г╤Б╨╕ ╨╛╤В╨║╤А╤Л╨╗╨╕ ╤Д╨╕╤В╨╜╨╡╤Б-╤Ж╨╡╨╜╤В╤А. ╨Я╨╛╤Б╨╡╤В╨╕╤В╨╡╨╗╨╕ ╨┤╨╛╨▓╨╛╨╗╤М╨╜╤Л.",
        "publication_date": "2023-12-21T12:00:00Z",
        "views": 240,
        "category": 5,
        "slug": "82-gusi-otkryli-fitnes-tsentr",
        "tags": [
            9,
            10,
            11,
            12
        ]
    }
},
{
    "model": "news.article",
    "pk": 83,
    "fields": {
        "title": "╨Ы╨╡╨▒╨╡╨┤╨╕ ╨╛╤В╨║╤А╤Л╨╗╨╕ ╤Б╨┐╨░-╤Б╨░╨╗╨╛╨╜",
        "content": "╨Т ╨╛╨╖╨╡╤А╨╡ ╨Р╨║╤Г╤А╨╡╨╣╤А╨╕ ╨╗╨╡╨▒╨╡╨┤╨╕ ╨╛╤В╨║╤А╤Л╨╗╨╕ ╤Б╨┐╨░-╤Б╨░╨╗╨╛╨╜. ╨Ъ╨╗╨╕╨╡╨╜╤В╤Л ╨┤╨╛╨▓╨╛╨╗╤М╨╜╤Л.",
        "publication_date": "2023-12-22T12:00:00Z",
        "views": 270,
        "category": 6,
        "slug": "83-lebedi-otkryli-spa-salon",
        "tags": [
            13,
            14,
            15,
            16
        ]
    }
},
{
    "model": "news.article",
    "pk": 84,
    "fields": {
        "title": "╨д╨╗╨░╨╝╨╕╨╜╨│╨╛ ╨╛╤В╨║╤А╤Л╨╗╨╕ ╤В╨░╨╜╤Ж╨╡╨▓╨░╨╗╤М╨╜╤Г╤О ╤Б╤В╤Г╨┤╨╕╤О",
        "content": "╨Т ╨┐╨░╤А╨║╨╡ ╨е╤С╨▓╤О╨┤╨▒╨╛╤А╨│╨░╤А╤Б╨▓╤С╨╣╤В╤О╤А ╤Д╨╗╨░╨╝╨╕╨╜╨│╨╛ ╨╛╤В╨║╤А╤Л╨╗╨╕ ╤В╨░╨╜╤Ж╨╡╨▓╨░╨╗╤М╨╜╤Г╤О ╤Б╤В╤Г╨┤╨╕╤О. ╨Я╨╛╤Б╨╡╤В╨╕╤В╨╡╨╗╨╕ ╨┤╨╛╨▓╨╛╨╗╤М╨╜╤Л.",
        "publication_date": "2023-12-23T12:00:00Z",
        "views": 200,
        "category": 7,
        "slug": "84-flamingo-otkryli-tantsevalnuyu-studiyu",
        "tags": [
            1,
            2,
            3,
            4
        ]
    }
},
{
    "model": "news.article",
    "pk": 85,
    "fields": {
        "title": "╨Я╨╡╨╗╨╕╨║╨░╨╜╤Л ╨╛╤В╨║╤А╤Л╨╗╨╕ ╨╣╨╛╨│╨░-╤Б╤В╤Г╨┤╨╕╤О",
        "content": "╨Т ╨│╨╛╤А╨╛╨┤╨╡ ╨Ъ╨╡╨▒╨╗╨░╨▓╨╕╨║ ╨┐╨╡╨╗╨╕╨║╨░╨╜╤Л ╨╛╤В╨║╤А╤Л╨╗╨╕ ╨╣╨╛╨│╨░-╤Б╤В╤Г╨┤╨╕╤О. ╨Я╨╛╤Б╨╡╤В╨╕╤В╨╡╨╗╨╕ ╨┤╨╛╨▓╨╛╨╗╤М╨╜╤Л.",
        "publication_date": "2023-12-24T12:00:00Z",
        "views": 230,
        "category": 1,
        "slug": "85-pelikany-otkryli-yoga-studiyu",
        "tags": [
            5,
            6,
            7,
            8
        ]
    }
},
{
    "model": "news.article",
    "pk": 86,
    "fields": {
        "title": "╨Р╨╕╤Б╤В╤Л ╨╛╤В╨║╤А╤Л╨╗╨╕ ╨┤╨╡╤В╤Б╨║╨╕╨╣ ╤Б╨░╨┤",
        "content": "╨Т ╨┤╨╡╤А╨╡╨▓╨╜╨╡ ╨Т╨╡╤Б╤В╨╝╨░╨╜╨╜╨░╤Н╨╣╤П╤А ╨░╨╕╤Б╤В╤Л ╨╛╤В╨║╤А╤Л╨╗╨╕ ╨┤╨╡╤В╤Б╨║╨╕╨╣ ╤Б╨░╨┤. ╨а╨╛╨┤╨╕╤В╨╡╨╗╨╕ ╨┤╨╛╨▓╨╛╨╗╤М╨╜╤Л.",
        "publication_date": "2023-12-25T12:00:00Z",
        "views": 250,
        "category": 2,
        "slug": "86-aisty-otkryli-detskiy-sad",
        "tags": [
            9,
            10,
            11,
            12
        ]
    }
},
{
    "model": "news.article",
    "pk": 87,
    "fields": {
        "title": "╨ж╨░╨┐╨╗╨╕ ╨╛╤В╨║╤А╤Л╨╗╨╕ ╤И╨║╨╛╨╗╤Г ╨╕╤Б╨║╤Г╤Б╤Б╤В╨▓",
        "content": "╨Т ╨│╨╛╤А╨╛╨┤╨╡ ╨б╨╡╨╗╤В╤М╤П╨┤╨╜╨░╤А╨╜╨╡╤Б ╤Ж╨░╨┐╨╗╨╕ ╨╛╤В╨║╤А╤Л╨╗╨╕ ╤И╨║╨╛╨╗╤Г ╨╕╤Б╨║╤Г╤Б╤Б╤В╨▓. ╨г╤З╨╡╨╜╨╕╨║╨╕ ╨┤╨╛╨▓╨╛╨╗╤М╨╜╤Л.",
        "publication_date": "2023-12-26T12:00:00Z",
        "views": 220,
        "category": 3,
        "slug": "87-tsapli-otkryli-shkolu-iskusstv",
        "tags": [
            13,
            14,
            15,
            16
        ]
    }
},
{
    "model": "news.article",
    "pk": 88,
    "fields": {
        "title": "╨Ш╨▒╨╕╤Б╤Л ╨╛╤В╨║╤А╤Л╨╗╨╕ ╨╝╤Г╨╖╤Л╨║╨░╨╗╤М╨╜╤Г╤О ╤И╨║╨╛╨╗╤Г",
        "content": "╨Т ╨┐╨░╤А╨║╨╡ ╨е╨░╨▒╨╜╨░╤А╤Д╤М╨╛╤А╨┤╤О╤А ╨╕╨▒╨╕╤Б╤Л ╨╛╤В╨║╤А╤Л╨╗╨╕ ╨╝╤Г╨╖╤Л╨║╨░╨╗╤М╨╜╤Г╤О ╤И╨║╨╛╨╗╤Г. ╨г╤З╨╡╨╜╨╕╨║╨╕ ╨┤╨╛╨▓╨╛╨╗╤М╨╜╤Л.",
        "publication_date": "2023-12-27T12:00:00Z",
        "views": 260,
        "category": 4,
        "slug": "88-ibisy-otkryli-muzykalnuyu-shkolu",
        "tags": [
            1,
            2,
            3,
            4
        ]
    }
},
{
    "model": "news.article",
    "pk": 89,
    "fields": {
        "title": "╨б╨╛╨▓╤Л ╨╛╤В╨║╤А╤Л╨╗╨╕ ╨▒╨╕╨▒╨╗╨╕╨╛╤В╨╡╨║╤Г",
        "content": "╨Т ╨╗╨╡╤Б╤Г ╨а╨╡╨╣╨║╤М╤П╨▓╨╕╨║ ╤Б╨╛╨▓╤Л ╨╛╤В╨║╤А╤Л╨╗╨╕ ╨▒╨╕╨▒╨╗╨╕╨╛╤В╨╡╨║╤Г. ╨з╨╕╤В╨░╤В╨╡╨╗╨╕ ╨┤╨╛╨▓╨╛╨╗╤М╨╜╤Л.",
        "publication_date": "2023-12-28T12:00:00Z",
        "views": 210,
        "category": 5,
        "slug": "89-sovy-otkryli-biblioteku",
        "tags": [
            5,
            6,
            7,
            8
        ]
    }
},
{
    "model": "news.article",
    "pk": 90,
    "fields": {
        "title": "╨Ю╨╗╨╡╨╜╨╕ ╨╛╤В╨║╤А╤Л╨╗╨╕ ╤А╨╡╤Б╤В╨╛╤А╨░╨╜",
        "content": "╨Т ╨│╨╛╤А╨╛╨┤╨╡ ╨Р╨║╤Г╤А╨╡╨╣╤А╨╕ ╨╛╨╗╨╡╨╜╨╕ ╨╛╤В╨║╤А╤Л╨╗╨╕ ╤А╨╡╤Б╤В╨╛╤А╨░╨╜. ╨Я╨╛╤Б╨╡╤В╨╕╤В╨╡╨╗╨╕ ╨┤╨╛╨▓╨╛╨╗╤М╨╜╤Л.",
        "publication_date": "2023-12-29T12:00:00Z",
        "views": 240,
        "category": 6,
        "slug": "90-oleni-otkryli-restoran",
        "tags": [
            9,
            10,
            11,
            12
        ]
    }
},
{
    "model": "news.article",
    "pk": 91,
    "fields": {
        "title": "╨Ы╨╛╤Б╨╕ ╨╛╤В╨║╤А╤Л╨╗╨╕ ╨║╨░╤Д╨╡",
        "content": "╨Т ╨╗╨╡╤Б╤Г ╨е╤С╨▓╤О╨┤╨▒╨╛╤А╨│╨░╤А╤Б╨▓╤С╨╣╤В╤О╤А ╨╗╨╛╤Б╨╕ ╨╛╤В╨║╤А╤Л╨╗╨╕ ╨║╨░╤Д╨╡. ╨Я╨╛╤Б╨╡╤В╨╕╤В╨╡╨╗╨╕ ╨┤╨╛╨▓╨╛╨╗╤М╨╜╤Л.",
        "publication_date": "2023-12-30T12:00:00Z",
        "views": 270,
        "category": 7,
        "slug": "91-losi-otkryli-kafe",
        "tags": [
            13,
            14,
            15,
            16
        ]
    }
},
{
    "model": "news.article",
    "pk": 92,
    "fields": {
        "title": "╨Т╨╛╨╗╨║╨╕ ╨╛╤В╨║╤А╤Л╨╗╨╕ ╤Б╨┐╨╛╤А╤В╨╖╨░╨╗",
        "content": "╨Т ╨│╨╛╤А╨╛╨┤╨╡ ╨Ъ╨╡╨▒╨╗╨░╨▓╨╕╨║ ╨▓╨╛╨╗╨║╨╕ ╨╛╤В╨║╤А╤Л╨╗╨╕ ╤Б╨┐╨╛╤А╤В╨╖╨░╨╗. ╨Я╨╛╤Б╨╡╤В╨╕╤В╨╡╨╗╨╕ ╨┤╨╛╨▓╨╛╨╗╤М╨╜╤Л.",
        "publication_date": "2023-12-31T12:00:00Z",
        "views": 200,
        "category": 1,
        "slug": "92-volki-otkryli-sportzal",
        "tags": [
            1,
            2,
            3,
            4
        ]
    }
},
{
    "model": "news.article",
    "pk": 93,
    "fields": {
        "title": "╨Ы╨╕╤Б╤Л ╨╛╤В╨║╤А╤Л╨╗╨╕ ╨╝╤Г╨╖╨╡╨╣",
        "content": "╨Т ╨┤╨╡╤А╨╡╨▓╨╜╨╡ ╨Т╨╡╤Б╤В╨╝╨░╨╜╨╜╨░╤Н╨╣╤П╤А ╨╗╨╕╤Б╤Л ╨╛╤В╨║╤А╤Л╨╗╨╕ ╨╝╤Г╨╖╨╡╨╣. ╨Я╨╛╤Б╨╡╤В╨╕╤В╨╡╨╗╨╕ ╨┤╨╛╨▓╨╛╨╗╤М╨╜╤Л.",
        "publication_date": "2024-01-01T12:00:00Z",
        "views": 230,
        "category": 2,
        "slug": "93-lisy-otkryli-muzey",
        "tags": [
            5,
            6,
            7,
            8
        ]
    }
},
{
    "model": "news.article",
    "pk": 94,
    "fields": {
        "title": "╨С╨╡╨╗╨║╨╕ ╨╛╤В╨║╤А╤Л╨╗╨╕ ╨╝╨░╨│╨░╨╖╨╕╨╜",
        "content": "╨Т ╨┐╨░╤А╨║╨╡ ╨б╨╡╨╗╤В╤М╤П╨┤╨╜╨░╤А╨╜╨╡╤Б ╨▒╨╡╨╗╨║╨╕ ╨╛╤В╨║╤А╤Л╨╗╨╕ ╨╝╨░╨│╨░╨╖╨╕╨╜. ╨Я╨╛╨║╤Г╨┐╨░╤В╨╡╨╗╨╕ ╨┤╨╛╨▓╨╛╨╗╤М╨╜╤Л.",
        "publication_date": "2024-01-02T12:00:00Z",
        "views": 250,
        "category": 3,
        "slug": "94-belki-otkryli-magazin",
        "tags": [
            9,
            10,
            11,
            12
        ]
    }
},
{
    "model": "news.article",
    "pk": 95,
    "fields": {
        "title": "╨Ч╨░╨╣╤Ж╤Л ╨╛╤В╨║╤А╤Л╨╗╨╕ ╨▒╨╕╨▒╨╗╨╕╨╛╤В╨╡╨║╤Г",
        "content": "╨Т ╨╗╨╡╤Б╤Г ╨е╨░╨▒╨╜╨░╤А╤Д╤М╨╛╤А╨┤╤О╤А ╨╖╨░╨╣╤Ж╤Л ╨╛╤В╨║╤А╤Л╨╗╨╕ ╨▒╨╕╨▒╨╗╨╕╨╛╤В╨╡╨║╤Г. ╨з╨╕╤В╨░╤В╨╡╨╗╨╕ ╨┤╨╛╨▓╨╛╨╗╤М╨╜╤Л.",
        "publication_date": "2024-01-03T12:00:00Z",
        "views": 220,
        "category": 4,
        "slug": "95-zaytsy-otkryli-biblioteku",
        "tags": [
            13,
            14,
            15,
            16
        ]
    }
},
{
    "model": "news.article",
    "pk": 96,
    "fields": {
        "title": "╨Х╨╢╨╕╨║╨╕ ╨╛╤В╨║╤А╤Л╨╗╨╕ ╨╝╤Г╨╖╨╡╨╣",
        "content": "╨Т ╨│╨╛╤А╨╛╨┤╨╡ ╨а╨╡╨╣╨║╤М╤П╨▓╨╕╨║ ╨╡╨╢╨╕╨║╨╕ ╨╛╤В╨║╤А╤Л╨╗╨╕ ╨╝╤Г╨╖╨╡╨╣. ╨Я╨╛╤Б╨╡╤В╨╕╤В╨╡╨╗╨╕ ╨┤╨╛╨▓╨╛╨╗╤М╨╜╤Л.",
        "publication_date": "2024-01-04T12:00:00Z",
        "views": 260,
        "category": 5,
        "slug": "96-ezhiki-otkryli-muzey",
        "tags": [
            1,
            2,
            3,
            4
        ]
    }
},
{
    "model": "news.article",
    "pk": 97,
    "fields": {
        "title": "╨Ъ╤А╨╛╤В╤Л ╨╛╤В╨║╤А╤Л╨╗╨╕ ╤А╨╡╤Б╤В╨╛╤А╨░╨╜",
        "content": "╨Т ╨╗╨╡╤Б╤Г ╨Р╨║╤Г╤А╨╡╨╣╤А╨╕ ╨║╤А╨╛╤В╤Л ╨╛╤В╨║╤А╤Л╨╗╨╕ ╤А╨╡╤Б╤В╨╛╤А╨░╨╜. ╨Я╨╛╤Б╨╡╤В╨╕╤В╨╡╨╗╨╕ ╨┤╨╛╨▓╨╛╨╗╤М╨╜╤Л.",
        "publication_date": "2024-01-05T12:00:00Z",
        "views": 210,
        "category": 6,
        "slug": "97-kroty-otkryli-restoran",
        "tags": [
            5,
            6,
            7,
            8
        ]
    }
},
{
    "model": "news.article",
    "pk": 98,
    "fields": {
        "title": "╨Ы╨╡╤В╤Г╤З╨╕╨╡ ╨╝╤Л╤И╨╕ ╨╛╤В╨║╤А╤Л╨╗╨╕ ╨║╨╕╨╜╨╛╤В╨╡╨░╤В╤А",
        "content": "╨Т ╨│╨╛╤А╨╛╨┤╨╡ ╨е╤С╨▓╤О╨┤╨▒╨╛╤А╨│╨░╤А╤Б╨▓╤С╨╣╤В╤О╤А ╨╗╨╡╤В╤Г╤З╨╕╨╡ ╨╝╤Л╤И╨╕ ╨╛╤В╨║╤А╤Л╨╗╨╕ ╨║╨╕╨╜╨╛╤В╨╡╨░╤В╤А. ╨Ч╤А╨╕╤В╨╡╨╗╨╕ ╨┤╨╛╨▓╨╛╨╗╤М╨╜╤Л.",
        "publication_date": "2024-01-06T12:00:00Z",
        "views": 240,
        "category": 7,
        "slug": "98-letuchie-myshi-otkryli-kinoteatr",
        "tags": [
            9,
            10,
            11,
            12
        ]
    }
},
{
    "model": "news.article",
    "pk": 99,
    "fields": {
        "title": "╨Я╨░╤Г╨║╨╕ ╨╛╤В╨║╤А╤Л╨╗╨╕ ╤Б╨┐╨╛╤А╤В╨╖╨░╨╗",
        "content": "╨Т ╨╗╨╡╤Б╤Г ╨Т╨╡╤Б╤В╨╝╨░╨╜╨╜╨░╤Н╨╣╤П╤А ╨┐╨░╤Г╨║╨╕ ╨╛╤В╨║╤А╤Л╨╗╨╕ ╤Б╨┐╨╛╤А╤В╨╖╨░╨╗. ╨Я╨╛╤Б╨╡╤В╨╕╤В╨╡╨╗╨╕ ╨┤╨╛╨▓╨╛╨╗╤М╨╜╤Л.",
        "publication_date": "2024-01-07T12:00:00Z",
        "views": 270,
        "category": 1,
        "slug": "99-pauki-otkryli-sportzal",
        "tags": [
            13,
            14,
            15,
            16
        ]
    }
},
{
    "model": "news.article",
    "pk": 100,
    "fields": {
        "title": "╨Ц╨░╨▒╤Л ╨╛╤В╨║╤А╤Л╨╗╨╕ ╨║╨░╤Д╨╡",
        "content": "╨Т ╨│╨╛╤А╨╛╨┤╨╡ ╨б╨╡╨╗╤В╤М╤П╨┤╨╜╨░╤А╨╜╨╡╤Б ╨╢╨░╨▒╤Л ╨╛╤В╨║╤А╤Л╨╗╨╕ ╨║╨░╤Д╨╡. ╨Я╨╛╤Б╨╡╤В╨╕╤В╨╡╨╗╨╕ ╨┤╨╛╨▓╨╛╨╗╤М╨╜╤Л.",
        "publication_date": "2024-01-08T12:00:00Z",
        "views": 200,
        "category": 2,
        "slug": "100-zhaby-otkryli-kafe",
        "tags": [
            1,
            2,
            3,
            4
        ]
    }
}
]
